{
"meta":{"test_sets":[],"test_metrics":[],"learn_metrics":[{"best_value":"Min","name":"Logloss"}],"launch_mode":"Train","parameters":"","iteration_count":1000,"learn_sets":["learn"],"name":"experiment"},
"iterations":[
{"learn":[0.6917814216],"iteration":0,"passed_time":0.1389826047,"remaining_time":138.8436221},
{"learn":[0.6904433573],"iteration":1,"passed_time":0.1395995465,"remaining_time":69.66017372},
{"learn":[0.6886298591],"iteration":2,"passed_time":0.1402118205,"remaining_time":46.59706168},
{"learn":[0.6870254593],"iteration":3,"passed_time":0.140679669,"remaining_time":35.02923758},
{"learn":[0.6851997349],"iteration":4,"passed_time":0.1412585917,"remaining_time":28.11045974},
{"learn":[0.6837797186],"iteration":5,"passed_time":0.1418702006,"remaining_time":23.50316324},
{"learn":[0.682027754],"iteration":6,"passed_time":0.142450803,"remaining_time":20.20766392},
{"learn":[0.6802080396],"iteration":7,"passed_time":0.1430689849,"remaining_time":17.74055413},
{"learn":[0.6790197475],"iteration":8,"passed_time":0.1437097707,"remaining_time":15.82404252},
{"learn":[0.676643837],"iteration":9,"passed_time":0.1443594154,"remaining_time":14.29158213},
{"learn":[0.675617399],"iteration":10,"passed_time":0.1451546971,"remaining_time":13.05072686},
{"learn":[0.6738405676],"iteration":11,"passed_time":0.1457809145,"remaining_time":12.00262863},
{"learn":[0.6725723342],"iteration":12,"passed_time":0.1462104543,"remaining_time":11.10074757},
{"learn":[0.6708755435],"iteration":13,"passed_time":0.1468331839,"remaining_time":10.34125138},
{"learn":[0.6691702022],"iteration":14,"passed_time":0.1473789435,"remaining_time":9.677883956},
{"learn":[0.6678360634],"iteration":15,"passed_time":0.1479208749,"remaining_time":9.097133806},
{"learn":[0.6661991792],"iteration":16,"passed_time":0.1484548877,"remaining_time":8.584185566},
{"learn":[0.6648666171],"iteration":17,"passed_time":0.1492549066,"remaining_time":8.142684349},
{"learn":[0.6634613719],"iteration":18,"passed_time":0.1497525847,"remaining_time":7.731962399},
{"learn":[0.6622771006],"iteration":19,"passed_time":0.1503393268,"remaining_time":7.366627014},
{"learn":[0.6606891192],"iteration":20,"passed_time":0.1509020641,"remaining_time":7.034910513},
{"learn":[0.6594378961],"iteration":21,"passed_time":0.1515841286,"remaining_time":6.738603533},
{"learn":[0.6581332365],"iteration":22,"passed_time":0.1521899491,"remaining_time":6.464764361},
{"learn":[0.6564916746],"iteration":23,"passed_time":0.1528942138,"remaining_time":6.217698027},
{"learn":[0.6541613395],"iteration":24,"passed_time":0.1535730727,"remaining_time":5.989349835},
{"learn":[0.652201658],"iteration":25,"passed_time":0.1542424634,"remaining_time":5.778159977},
{"learn":[0.6505412262],"iteration":26,"passed_time":0.1548948881,"remaining_time":5.581952818},
{"learn":[0.6491211467],"iteration":27,"passed_time":0.1556230063,"remaining_time":5.402341506},
{"learn":[0.6476437585],"iteration":28,"passed_time":0.156255632,"remaining_time":5.231869609},
{"learn":[0.6465262351],"iteration":29,"passed_time":0.1567310804,"remaining_time":5.067638266},
{"learn":[0.6449772617],"iteration":30,"passed_time":0.1574161631,"remaining_time":4.920524581},
{"learn":[0.644092674],"iteration":31,"passed_time":0.1579824133,"remaining_time":4.778968002},
{"learn":[0.6426102569],"iteration":32,"passed_time":0.1587379292,"remaining_time":4.651502349},
{"learn":[0.6411301831],"iteration":33,"passed_time":0.1593449104,"remaining_time":4.527270101},
{"learn":[0.6397512988],"iteration":34,"passed_time":0.1599218628,"remaining_time":4.409274217},
{"learn":[0.6379698072],"iteration":35,"passed_time":0.1606574928,"remaining_time":4.302050641},
{"learn":[0.6363746526],"iteration":36,"passed_time":0.1613129928,"remaining_time":4.198497623},
{"learn":[0.63509581],"iteration":37,"passed_time":0.1619806093,"remaining_time":4.100667005},
{"learn":[0.6343758044],"iteration":38,"passed_time":0.1624534786,"remaining_time":4.003020333},
{"learn":[0.6328075906],"iteration":39,"passed_time":0.1630816111,"remaining_time":3.913958666},
{"learn":[0.63095156],"iteration":40,"passed_time":0.1636779008,"remaining_time":3.82846602},
{"learn":[0.6293474174],"iteration":41,"passed_time":0.1643485892,"remaining_time":3.748713059},
{"learn":[0.6278863499],"iteration":42,"passed_time":0.1647839054,"remaining_time":3.667399942},
{"learn":[0.6266066157],"iteration":43,"passed_time":0.165379654,"remaining_time":3.593248846},
{"learn":[0.6251114802],"iteration":44,"passed_time":0.1659235949,"remaining_time":3.521267402},
{"learn":[0.6233961513],"iteration":45,"passed_time":0.1664582241,"remaining_time":3.452198821},
{"learn":[0.6220848702],"iteration":46,"passed_time":0.1669371076,"remaining_time":3.384916245},
{"learn":[0.621183129],"iteration":47,"passed_time":0.1678121965,"remaining_time":3.328275231},
{"learn":[0.620425603],"iteration":48,"passed_time":0.1682437608,"remaining_time":3.265302378},
{"learn":[0.6185985565],"iteration":49,"passed_time":0.1687980949,"remaining_time":3.207163803},
{"learn":[0.6171197222],"iteration":50,"passed_time":0.1693929874,"remaining_time":3.152038138},
{"learn":[0.6157153047],"iteration":51,"passed_time":0.1700216412,"remaining_time":3.099625305},
{"learn":[0.6141276309],"iteration":52,"passed_time":0.1706328653,"remaining_time":3.048855159},
{"learn":[0.6125002568],"iteration":53,"passed_time":0.1711708603,"remaining_time":2.998659886},
{"learn":[0.611401203],"iteration":54,"passed_time":0.1716943921,"remaining_time":2.950021827},
{"learn":[0.6102807724],"iteration":55,"passed_time":0.1723139814,"remaining_time":2.904721401},
{"learn":[0.6086905447],"iteration":56,"passed_time":0.1728403331,"remaining_time":2.859446213},
{"learn":[0.6071677919],"iteration":57,"passed_time":0.1734228641,"remaining_time":2.816626517},
{"learn":[0.6062646554],"iteration":58,"passed_time":0.1739420344,"remaining_time":2.774228041},
{"learn":[0.605403614],"iteration":59,"passed_time":0.1744240573,"remaining_time":2.732643564},
{"learn":[0.6043918055],"iteration":60,"passed_time":0.174927721,"remaining_time":2.692739837},
{"learn":[0.6033929146],"iteration":61,"passed_time":0.1752897013,"remaining_time":2.651963545},
{"learn":[0.6024054582],"iteration":62,"passed_time":0.1758029245,"remaining_time":2.614719686},
{"learn":[0.6018041987],"iteration":63,"passed_time":0.1761667059,"remaining_time":2.576438073},
{"learn":[0.6008545981],"iteration":64,"passed_time":0.1765507749,"remaining_time":2.539614993},
{"learn":[0.5996505572],"iteration":65,"passed_time":0.1771490944,"remaining_time":2.506928094},
{"learn":[0.5984432908],"iteration":66,"passed_time":0.1776947856,"remaining_time":2.474466194},
{"learn":[0.5970323022],"iteration":67,"passed_time":0.1783727415,"remaining_time":2.444755809},
{"learn":[0.595668061],"iteration":68,"passed_time":0.1789890566,"remaining_time":2.415055242},
{"learn":[0.5944427417],"iteration":69,"passed_time":0.1799187757,"remaining_time":2.390349449},
{"learn":[0.5926260829],"iteration":70,"passed_time":0.1808169611,"remaining_time":2.365900801},
{"learn":[0.5915976786],"iteration":71,"passed_time":0.1817806721,"remaining_time":2.342950885},
{"learn":[0.5903874727],"iteration":72,"passed_time":0.1824229419,"remaining_time":2.316521468},
{"learn":[0.5892443634],"iteration":73,"passed_time":0.1829197066,"remaining_time":2.28896822},
{"learn":[0.5878908653],"iteration":74,"passed_time":0.1834472757,"remaining_time":2.2625164},
{"learn":[0.5868605866],"iteration":75,"passed_time":0.1840141589,"remaining_time":2.237224775},
{"learn":[0.5857525986],"iteration":76,"passed_time":0.1846753776,"remaining_time":2.21370615},
{"learn":[0.5843595986],"iteration":77,"passed_time":0.1852600388,"remaining_time":2.189868664},
{"learn":[0.582961104],"iteration":78,"passed_time":0.1858403966,"remaining_time":2.166569687},
{"learn":[0.581666951],"iteration":79,"passed_time":0.1864186956,"remaining_time":2.143815},
{"learn":[0.5805166873],"iteration":80,"passed_time":0.1869004901,"remaining_time":2.120512968},
{"learn":[0.579035571],"iteration":81,"passed_time":0.1874755774,"remaining_time":2.098811952},
{"learn":[0.5774742901],"iteration":82,"passed_time":0.1881174338,"remaining_time":2.078357672},
{"learn":[0.5757357955],"iteration":83,"passed_time":0.1888243311,"remaining_time":2.059084373},
{"learn":[0.5747018915],"iteration":84,"passed_time":0.1894401117,"remaining_time":2.039267085},
{"learn":[0.5737711751],"iteration":85,"passed_time":0.1900000472,"remaining_time":2.019302828},
{"learn":[0.5725310972],"iteration":86,"passed_time":0.1905797754,"remaining_time":1.999992356},
{"learn":[0.5713690377],"iteration":87,"passed_time":0.1911466358,"remaining_time":1.980974225},
{"learn":[0.5701294638],"iteration":88,"passed_time":0.1917147323,"remaining_time":1.962383384},
{"learn":[0.5693347839],"iteration":89,"passed_time":0.1924831431,"remaining_time":1.946218447},
{"learn":[0.5677241119],"iteration":90,"passed_time":0.1931895398,"remaining_time":1.929772436},
{"learn":[0.5668581394],"iteration":91,"passed_time":0.1938551083,"remaining_time":1.913265634},
{"learn":[0.5658314705],"iteration":92,"passed_time":0.1944968888,"remaining_time":1.896867507},
{"learn":[0.5644707304],"iteration":93,"passed_time":0.1951234265,"remaining_time":1.880657706},
{"learn":[0.5630986966],"iteration":94,"passed_time":0.1956936037,"remaining_time":1.864239067},
{"learn":[0.5620227392],"iteration":95,"passed_time":0.1963185479,"remaining_time":1.848666326},
{"learn":[0.5609629273],"iteration":96,"passed_time":0.1969965392,"remaining_time":1.833895617},
{"learn":[0.5600103516],"iteration":97,"passed_time":0.1976595848,"remaining_time":1.819274954},
{"learn":[0.5588793415],"iteration":98,"passed_time":0.198319284,"remaining_time":1.804905807},
{"learn":[0.5578581517],"iteration":99,"passed_time":0.1989786488,"remaining_time":1.790807839},
{"learn":[0.5573423945],"iteration":100,"passed_time":0.1994502646,"remaining_time":1.775304831},
{"learn":[0.5565033243],"iteration":101,"passed_time":0.2000403437,"remaining_time":1.761139497},
{"learn":[0.5555503955],"iteration":102,"passed_time":0.2006302217,"remaining_time":1.747236009},
{"learn":[0.5545717349],"iteration":103,"passed_time":0.2012483753,"remaining_time":1.733832157},
{"learn":[0.5534028429],"iteration":104,"passed_time":0.2024234327,"remaining_time":1.725418784},
{"learn":[0.5519794125],"iteration":105,"passed_time":0.2029351205,"remaining_time":1.711547148},
{"learn":[0.5508728614],"iteration":106,"passed_time":0.2035319644,"remaining_time":1.698635927},
{"learn":[0.5500749359],"iteration":107,"passed_time":0.2039841768,"remaining_time":1.684758201},
{"learn":[0.5490612012],"iteration":108,"passed_time":0.2045293705,"remaining_time":1.671886873},
{"learn":[0.5482375328],"iteration":109,"passed_time":0.2050903791,"remaining_time":1.659367613},
{"learn":[0.5471117423],"iteration":110,"passed_time":0.2057054229,"remaining_time":1.647496585},
{"learn":[0.5461804876],"iteration":111,"passed_time":0.2062394382,"remaining_time":1.635184117},
{"learn":[0.5448658182],"iteration":112,"passed_time":0.2067755674,"remaining_time":1.623096711},
{"learn":[0.5434638656],"iteration":113,"passed_time":0.2073672507,"remaining_time":1.61164372},
{"learn":[0.5426171715],"iteration":114,"passed_time":0.2079014953,"remaining_time":1.599937594},
{"learn":[0.5419693369],"iteration":115,"passed_time":0.2084190451,"remaining_time":1.588296861},
{"learn":[0.5411461949],"iteration":116,"passed_time":0.2090163257,"remaining_time":1.577447997},
{"learn":[0.5404600244],"iteration":117,"passed_time":0.2095956646,"remaining_time":1.566638781},
{"learn":[0.5391968021],"iteration":118,"passed_time":0.210177162,"remaining_time":1.556017477},
{"learn":[0.5387583632],"iteration":119,"passed_time":0.2105786436,"remaining_time":1.544243386},
{"learn":[0.5382798956],"iteration":120,"passed_time":0.211017485,"remaining_time":1.532928672},
{"learn":[0.5372697601],"iteration":121,"passed_time":0.2115953856,"remaining_time":1.522793021},
{"learn":[0.5366078881],"iteration":122,"passed_time":0.2121287115,"remaining_time":1.512494959},
{"learn":[0.5355235824],"iteration":123,"passed_time":0.2126487887,"remaining_time":1.502260797},
{"learn":[0.534888108],"iteration":124,"passed_time":0.2130983451,"remaining_time":1.491688416},
{"learn":[0.5340221506],"iteration":125,"passed_time":0.2137087715,"remaining_time":1.48239259},
{"learn":[0.5328108283],"iteration":126,"passed_time":0.2146968499,"remaining_time":1.475829528},
{"learn":[0.5315626539],"iteration":127,"passed_time":0.2154955404,"remaining_time":1.468063369},
{"learn":[0.5308223871],"iteration":128,"passed_time":0.2159729204,"remaining_time":1.458235765},
{"learn":[0.5301622354],"iteration":129,"passed_time":0.2166269276,"remaining_time":1.449734054},
{"learn":[0.529048474],"iteration":130,"passed_time":0.2173765187,"remaining_time":1.441986219},
{"learn":[0.5285528596],"iteration":131,"passed_time":0.2177551817,"remaining_time":1.431905286},
{"learn":[0.5280280113],"iteration":132,"passed_time":0.2181388405,"remaining_time":1.422002817},
{"learn":[0.5273165776],"iteration":133,"passed_time":0.2186979024,"remaining_time":1.413375996},
{"learn":[0.526196002],"iteration":134,"passed_time":0.2193086801,"remaining_time":1.405200061},
{"learn":[0.5253963892],"iteration":135,"passed_time":0.2197893908,"remaining_time":1.396309071},
{"learn":[0.5246816305],"iteration":136,"passed_time":0.2203074491,"remaining_time":1.387776121},
{"learn":[0.5239928062],"iteration":137,"passed_time":0.2208812723,"remaining_time":1.379707657},
{"learn":[0.5232432072],"iteration":138,"passed_time":0.2214037513,"remaining_time":1.371428992},
{"learn":[0.5221835283],"iteration":139,"passed_time":0.2219077695,"remaining_time":1.363147727},
{"learn":[0.5218286899],"iteration":140,"passed_time":0.2222801364,"remaining_time":1.354174732},
{"learn":[0.5209929356],"iteration":141,"passed_time":0.2227696424,"remaining_time":1.346030656},
{"learn":[0.5201607924],"iteration":142,"passed_time":0.223375804,"remaining_time":1.338692755},
{"learn":[0.5198156485],"iteration":143,"passed_time":0.2237042867,"remaining_time":1.329797704},
{"learn":[0.5186611166],"iteration":144,"passed_time":0.2244034942,"remaining_time":1.323206811},
{"learn":[0.5176847825],"iteration":145,"passed_time":0.225076182,"remaining_time":1.316541503},
{"learn":[0.5169973364],"iteration":146,"passed_time":0.2254622119,"remaining_time":1.308294332},
{"learn":[0.5154711338],"iteration":147,"passed_time":0.226116157,"remaining_time":1.301695715},
{"learn":[0.5147680099],"iteration":148,"passed_time":0.2266991741,"remaining_time":1.294771793},
{"learn":[0.5139194745],"iteration":149,"passed_time":0.2276080959,"remaining_time":1.28977921},
{"learn":[0.5129187657],"iteration":150,"passed_time":0.2282654378,"remaining_time":1.283426203},
{"learn":[0.5120033961],"iteration":151,"passed_time":0.2287181295,"remaining_time":1.276006407},
{"learn":[0.5109844226],"iteration":152,"passed_time":0.2291974142,"remaining_time":1.268824901},
{"learn":[0.5100909719],"iteration":153,"passed_time":0.2297408823,"remaining_time":1.262083029},
{"learn":[0.5094808523],"iteration":154,"passed_time":0.2301371361,"remaining_time":1.254618581},
{"learn":[0.508832981],"iteration":155,"passed_time":0.2307037743,"remaining_time":1.248166574},
{"learn":[0.5076153333],"iteration":156,"passed_time":0.2312443365,"remaining_time":1.241649527},
{"learn":[0.5070184359],"iteration":157,"passed_time":0.2318240318,"remaining_time":1.235416676},
{"learn":[0.5060118813],"iteration":158,"passed_time":0.2323664497,"remaining_time":1.229057762},
{"learn":[0.5052200537],"iteration":159,"passed_time":0.2329273535,"remaining_time":1.222868606},
{"learn":[0.504158263],"iteration":160,"passed_time":0.2334637732,"remaining_time":1.216621775},
{"learn":[0.5031357013],"iteration":161,"passed_time":0.2339931969,"remaining_time":1.210409253},
{"learn":[0.5023847186],"iteration":162,"passed_time":0.234454757,"remaining_time":1.203917985},
{"learn":[0.5016609678],"iteration":163,"passed_time":0.2349754139,"remaining_time":1.1978015},
{"learn":[0.5008889831],"iteration":164,"passed_time":0.2355069539,"remaining_time":1.191807918},
{"learn":[0.4998936708],"iteration":165,"passed_time":0.2364968903,"remaining_time":1.188183172},
{"learn":[0.4991659999],"iteration":166,"passed_time":0.2370381495,"remaining_time":1.182351967},
{"learn":[0.4980890549],"iteration":167,"passed_time":0.237757064,"remaining_time":1.177463555},
{"learn":[0.497411561],"iteration":168,"passed_time":0.23853209,"remaining_time":1.172900395},
{"learn":[0.4967758426],"iteration":169,"passed_time":0.2390827534,"remaining_time":1.167286384},
{"learn":[0.496143121],"iteration":170,"passed_time":0.239473523,"remaining_time":1.160956436},
{"learn":[0.4948882892],"iteration":171,"passed_time":0.2400044147,"remaining_time":1.155370089},
{"learn":[0.4940613783],"iteration":172,"passed_time":0.2405090885,"remaining_time":1.149716857},
{"learn":[0.4932552539],"iteration":173,"passed_time":0.240978427,"remaining_time":1.143955061},
{"learn":[0.49195313],"iteration":174,"passed_time":0.2415065106,"remaining_time":1.138530693},
{"learn":[0.4912857588],"iteration":175,"passed_time":0.2420524163,"remaining_time":1.133245404},
{"learn":[0.4904022198],"iteration":176,"passed_time":0.2425860051,"remaining_time":1.127956396},
{"learn":[0.4896953005],"iteration":177,"passed_time":0.2431292191,"remaining_time":1.12276527},
{"learn":[0.48847806],"iteration":178,"passed_time":0.2436608072,"remaining_time":1.117572752},
{"learn":[0.4877137294],"iteration":179,"passed_time":0.244189164,"remaining_time":1.112417303},
{"learn":[0.487122002],"iteration":180,"passed_time":0.2447675873,"remaining_time":1.107539525},
{"learn":[0.486405015],"iteration":181,"passed_time":0.2452866208,"remaining_time":1.102442065},
{"learn":[0.4852584793],"iteration":182,"passed_time":0.2458304591,"remaining_time":1.097505383},
{"learn":[0.4845223308],"iteration":183,"passed_time":0.2464186413,"remaining_time":1.092813105},
{"learn":[0.4838227455],"iteration":184,"passed_time":0.2469958093,"remaining_time":1.088116673},
{"learn":[0.4831206689],"iteration":185,"passed_time":0.2475638572,"remaining_time":1.083424622},
{"learn":[0.4820063866],"iteration":186,"passed_time":0.2481399235,"remaining_time":1.078811539},
{"learn":[0.4810025591],"iteration":187,"passed_time":0.2489596526,"remaining_time":1.075293819},
{"learn":[0.4801628727],"iteration":188,"passed_time":0.2495277651,"remaining_time":1.07072496},
{"learn":[0.4793980736],"iteration":189,"passed_time":0.2501632149,"remaining_time":1.066485284},
{"learn":[0.4786473522],"iteration":190,"passed_time":0.2506767217,"remaining_time":1.061766847},
{"learn":[0.4778448453],"iteration":191,"passed_time":0.2513888327,"remaining_time":1.057928004},
{"learn":[0.4772117514],"iteration":192,"passed_time":0.2520511537,"remaining_time":1.053913373},
{"learn":[0.4764782172],"iteration":193,"passed_time":0.2526478973,"remaining_time":1.049660852},
{"learn":[0.4756984179],"iteration":194,"passed_time":0.2532988485,"remaining_time":1.045669606},
{"learn":[0.4752536352],"iteration":195,"passed_time":0.2536827382,"remaining_time":1.040616946},
{"learn":[0.474796938],"iteration":196,"passed_time":0.254171641,"remaining_time":1.036039735},
{"learn":[0.4741309643],"iteration":197,"passed_time":0.2546959382,"remaining_time":1.031647184},
{"learn":[0.4734592245],"iteration":198,"passed_time":0.2552337556,"remaining_time":1.027347931},
{"learn":[0.472828048],"iteration":199,"passed_time":0.255742762,"remaining_time":1.022971048},
{"learn":[0.4720258539],"iteration":200,"passed_time":0.2562665385,"remaining_time":1.018691364},
{"learn":[0.4710055535],"iteration":201,"passed_time":0.2567972529,"remaining_time":1.014476276},
{"learn":[0.4704166403],"iteration":202,"passed_time":0.2572963275,"remaining_time":1.010173266},
{"learn":[0.4697508023],"iteration":203,"passed_time":0.2577945222,"remaining_time":1.005904116},
{"learn":[0.468588984],"iteration":204,"passed_time":0.2583236184,"remaining_time":1.001791593},
{"learn":[0.4678281757],"iteration":205,"passed_time":0.2588506584,"remaining_time":0.9977059357},
{"learn":[0.4671256579],"iteration":206,"passed_time":0.2593903786,"remaining_time":0.993703238},
{"learn":[0.466270345],"iteration":207,"passed_time":0.2598794719,"remaining_time":0.989541066},
{"learn":[0.4655494323],"iteration":208,"passed_time":0.2603814506,"remaining_time":0.9854628105},
{"learn":[0.464832902],"iteration":209,"passed_time":0.2608974119,"remaining_time":0.9814712163},
{"learn":[0.4639242787],"iteration":210,"passed_time":0.2616349808,"remaining_time":0.9783412316},
{"learn":[0.4632074925],"iteration":211,"passed_time":0.2622050859,"remaining_time":0.9746113569},
{"learn":[0.4625359398],"iteration":212,"passed_time":0.2648374441,"remaining_time":0.9785308381},
{"learn":[0.4619129749],"iteration":213,"passed_time":0.265481495,"remaining_time":0.9750862387},
{"learn":[0.4610383648],"iteration":214,"passed_time":0.2659986634,"remaining_time":0.9712044222},
{"learn":[0.4600324869],"iteration":215,"passed_time":0.2665187349,"remaining_time":0.9673642972},
{"learn":[0.4589373057],"iteration":216,"passed_time":0.2670342063,"remaining_time":0.9635381731},
{"learn":[0.4581847576],"iteration":217,"passed_time":0.2675396126,"remaining_time":0.9597063168},
{"learn":[0.4573024814],"iteration":218,"passed_time":0.2680379962,"remaining_time":0.9558797946},
{"learn":[0.4565324343],"iteration":219,"passed_time":0.2685102212,"remaining_time":0.9519907841},
{"learn":[0.4558515842],"iteration":220,"passed_time":0.2690304088,"remaining_time":0.9483017576},
{"learn":[0.4552491087],"iteration":221,"passed_time":0.2695312645,"remaining_time":0.9445735304},
{"learn":[0.4547565928],"iteration":222,"passed_time":0.2699760269,"remaining_time":0.9406788023},
{"learn":[0.454380979],"iteration":223,"passed_time":0.2703712351,"remaining_time":0.9366432074},
{"learn":[0.4534892779],"iteration":224,"passed_time":0.27085967,"remaining_time":0.9329610854},
{"learn":[0.4528041115],"iteration":225,"passed_time":0.2713694806,"remaining_time":0.9293804337},
{"learn":[0.4522211368],"iteration":226,"passed_time":0.2718464228,"remaining_time":0.9257149111},
{"learn":[0.4510509473],"iteration":227,"passed_time":0.2724000762,"remaining_time":0.9223371},
{"learn":[0.4502303252],"iteration":228,"passed_time":0.2729328205,"remaining_time":0.9189135571},
{"learn":[0.4494190519],"iteration":229,"passed_time":0.2734814527,"remaining_time":0.9155683418},
{"learn":[0.4489356674],"iteration":230,"passed_time":0.274034432,"remaining_time":0.9122618105},
{"learn":[0.4479934527],"iteration":231,"passed_time":0.2745636317,"remaining_time":0.908900298},
{"learn":[0.4468172303],"iteration":232,"passed_time":0.275249844,"remaining_time":0.9060799584},
{"learn":[0.4461568805],"iteration":233,"passed_time":0.2758128422,"remaining_time":0.9028745177},
{"learn":[0.4458248294],"iteration":234,"passed_time":0.2764308867,"remaining_time":0.8998707588},
{"learn":[0.445157693],"iteration":235,"passed_time":0.2771724008,"remaining_time":0.8972869245},
{"learn":[0.4445877396],"iteration":236,"passed_time":0.277909124,"remaining_time":0.8947032134},
{"learn":[0.4439546328],"iteration":237,"passed_time":0.2784249611,"remaining_time":0.8914278166},
{"learn":[0.4435021822],"iteration":238,"passed_time":0.2788420951,"remaining_time":0.8878612316},
{"learn":[0.442876814],"iteration":239,"passed_time":0.2792500259,"remaining_time":0.8842917488},
{"learn":[0.4419356695],"iteration":240,"passed_time":0.2797895947,"remaining_time":0.8811630803},
{"learn":[0.4411731867],"iteration":241,"passed_time":0.2802721062,"remaining_time":0.8778770931},
{"learn":[0.440642267],"iteration":242,"passed_time":0.2806520071,"remaining_time":0.8742945242},
{"learn":[0.4402081159],"iteration":243,"passed_time":0.2811881103,"remaining_time":0.8712221778},
{"learn":[0.4394543263],"iteration":244,"passed_time":0.2817892269,"remaining_time":0.8683708829},
{"learn":[0.438767435],"iteration":245,"passed_time":0.2823370439,"remaining_time":0.8653745167},
{"learn":[0.4379636343],"iteration":246,"passed_time":0.2829174704,"remaining_time":0.8624973895},
{"learn":[0.4374327916],"iteration":247,"passed_time":0.2834607349,"remaining_time":0.8595260995},
{"learn":[0.4371365254],"iteration":248,"passed_time":0.2838783667,"remaining_time":0.8561953952},
{"learn":[0.4368669253],"iteration":249,"passed_time":0.2843854151,"remaining_time":0.8531562453},
{"learn":[0.4362509948],"iteration":250,"passed_time":0.2851522668,"remaining_time":0.8509125413},
{"learn":[0.4350326373],"iteration":251,"passed_time":0.2857820741,"remaining_time":0.8482737754},
{"learn":[0.4341174492],"iteration":252,"passed_time":0.28679137,"remaining_time":0.8467713571},
{"learn":[0.4335953126],"iteration":253,"passed_time":0.2873257021,"remaining_time":0.8438778495},
{"learn":[0.4331873252],"iteration":254,"passed_time":0.2878460045,"remaining_time":0.8409618563},
{"learn":[0.4325604127],"iteration":255,"passed_time":0.2883660167,"remaining_time":0.8380637362},
{"learn":[0.43189751],"iteration":256,"passed_time":0.2888997758,"remaining_time":0.8352238654},
{"learn":[0.4312350457],"iteration":257,"passed_time":0.289419001,"remaining_time":0.8323600727},
{"learn":[0.4308258754],"iteration":258,"passed_time":0.2897758924,"remaining_time":0.8290499469},
{"learn":[0.4301487226],"iteration":259,"passed_time":0.2903261671,"remaining_time":0.8263129371},
{"learn":[0.4295248252],"iteration":260,"passed_time":0.2908336747,"remaining_time":0.8234715924},
{"learn":[0.4287580233],"iteration":261,"passed_time":0.2913556829,"remaining_time":0.8206889084},
{"learn":[0.4283250075],"iteration":262,"passed_time":0.2917646831,"remaining_time":0.8176067356},
{"learn":[0.4275761494],"iteration":263,"passed_time":0.2922799936,"remaining_time":0.8148411942},
{"learn":[0.4270516414],"iteration":264,"passed_time":0.2927983615,"remaining_time":0.8121011159},
{"learn":[0.4266602718],"iteration":265,"passed_time":0.2933333025,"remaining_time":0.8094234739},
{"learn":[0.4257295939],"iteration":266,"passed_time":0.2938509035,"remaining_time":0.8067142781},
{"learn":[0.4247320414],"iteration":267,"passed_time":0.2943387505,"remaining_time":0.8039401692},
{"learn":[0.4244682074],"iteration":268,"passed_time":0.2948455758,"remaining_time":0.8012346318},
{"learn":[0.4239322717],"iteration":269,"passed_time":0.2954157945,"remaining_time":0.7987167776},
{"learn":[0.4232591867],"iteration":270,"passed_time":0.2959813637,"remaining_time":0.7962007901},
{"learn":[0.4228055807],"iteration":271,"passed_time":0.2965101515,"remaining_time":0.7936006996},
{"learn":[0.4217068544],"iteration":272,"passed_time":0.2970673517,"remaining_time":0.7910914457},
{"learn":[0.4207993306],"iteration":273,"passed_time":0.2976390167,"remaining_time":0.7886347669},
{"learn":[0.4203700763],"iteration":274,"passed_time":0.2982283536,"remaining_time":0.7862383868},
{"learn":[0.4196838636],"iteration":275,"passed_time":0.2987712483,"remaining_time":0.7837332746},
{"learn":[0.4195010644],"iteration":276,"passed_time":0.2991258761,"remaining_time":0.780750933},
{"learn":[0.4187758244],"iteration":277,"passed_time":0.2998332337,"remaining_time":0.7787035781},
{"learn":[0.4183686055],"iteration":278,"passed_time":0.3006788155,"remaining_time":0.7770230322},
{"learn":[0.4176592992],"iteration":279,"passed_time":0.3014818175,"remaining_time":0.7752389593},
{"learn":[0.4167605437],"iteration":280,"passed_time":0.3020347497,"remaining_time":0.7728220109},
{"learn":[0.4162640993],"iteration":281,"passed_time":0.3027042145,"remaining_time":0.7707149859},
{"learn":[0.4155187222],"iteration":282,"passed_time":0.3032456268,"remaining_time":0.7682936905},
{"learn":[0.4151132694],"iteration":283,"passed_time":0.3036540501,"remaining_time":0.7655503517},
{"learn":[0.4144271319],"iteration":284,"passed_time":0.3041756214,"remaining_time":0.7631072606},
{"learn":[0.4134754786],"iteration":285,"passed_time":0.3046959467,"remaining_time":0.7606744962},
{"learn":[0.4131423217],"iteration":286,"passed_time":0.3052142318,"remaining_time":0.7582499905},
{"learn":[0.4122567892],"iteration":287,"passed_time":0.3057246275,"remaining_time":0.7558192179},
{"learn":[0.4116955482],"iteration":288,"passed_time":0.306248206,"remaining_time":0.7534341677},
{"learn":[0.4111063939],"iteration":289,"passed_time":0.3067635108,"remaining_time":0.7510416989},
{"learn":[0.4103098356],"iteration":290,"passed_time":0.3073407004,"remaining_time":0.7488129092},
{"learn":[0.409564695],"iteration":291,"passed_time":0.3082607362,"remaining_time":0.7474267165},
{"learn":[0.4090991314],"iteration":292,"passed_time":0.3089151135,"remaining_time":0.74540268},
{"learn":[0.4086926607],"iteration":293,"passed_time":0.3095675321,"remaining_time":0.7433832575},
{"learn":[0.4082667718],"iteration":294,"passed_time":0.3101545214,"remaining_time":0.7412167377},
{"learn":[0.4077296881],"iteration":295,"passed_time":0.3110302042,"remaining_time":0.7397475127},
{"learn":[0.4073007125],"iteration":296,"passed_time":0.3117359827,"remaining_time":0.7378801206},
{"learn":[0.4067315615],"iteration":297,"passed_time":0.3122889202,"remaining_time":0.7356604765},
{"learn":[0.4062502934],"iteration":298,"passed_time":0.3128596034,"remaining_time":0.7334935853},
{"learn":[0.4060027343],"iteration":299,"passed_time":0.3134055612,"remaining_time":0.7312796429},
{"learn":[0.4056318283],"iteration":300,"passed_time":0.3139887628,"remaining_time":0.7291632732},
{"learn":[0.4052624391],"iteration":301,"passed_time":0.3145860795,"remaining_time":0.7270896804},
{"learn":[0.4049533826],"iteration":302,"passed_time":0.3151541005,"remaining_time":0.7249584423},
{"learn":[0.4045543432],"iteration":303,"passed_time":0.3156706205,"remaining_time":0.7227195785},
{"learn":[0.4039825384],"iteration":304,"passed_time":0.3162032876,"remaining_time":0.7205288029},
{"learn":[0.4031782774],"iteration":305,"passed_time":0.316707079,"remaining_time":0.7182833754},
{"learn":[0.4026097004],"iteration":306,"passed_time":0.3172632039,"remaining_time":0.7161674278},
{"learn":[0.4020428658],"iteration":307,"passed_time":0.3182316465,"remaining_time":0.714987985},
{"learn":[0.4013250699],"iteration":308,"passed_time":0.3189755816,"remaining_time":0.713307854},
{"learn":[0.400383544],"iteration":309,"passed_time":0.3196488061,"remaining_time":0.711476375},
{"learn":[0.3998478798],"iteration":310,"passed_time":0.3203205382,"remaining_time":0.709649038},
{"learn":[0.3995829857],"iteration":311,"passed_time":0.3207605179,"remaining_time":0.7073180652},
{"learn":[0.3989714733],"iteration":312,"passed_time":0.3213425712,"remaining_time":0.7053110108},
{"learn":[0.3986041124],"iteration":313,"passed_time":0.3218714311,"remaining_time":0.7031968209},
{"learn":[0.3980955252],"iteration":314,"passed_time":0.3224007814,"remaining_time":0.7010937627},
{"learn":[0.39738159],"iteration":315,"passed_time":0.3229121796,"remaining_time":0.6989618065},
{"learn":[0.3969479909],"iteration":316,"passed_time":0.323671406,"remaining_time":0.6973740389},
{"learn":[0.3963553722],"iteration":317,"passed_time":0.3244534218,"remaining_time":0.6958403574},
{"learn":[0.3958101034],"iteration":318,"passed_time":0.3250388844,"remaining_time":0.6938917877},
{"learn":[0.3952555711],"iteration":319,"passed_time":0.3259366102,"remaining_time":0.6926152967},
{"learn":[0.3949557946],"iteration":320,"passed_time":0.3264942097,"remaining_time":0.6906217084},
{"learn":[0.3942138177],"iteration":321,"passed_time":0.3270321915,"remaining_time":0.6885957325},
{"learn":[0.3935855976],"iteration":322,"passed_time":0.3275294606,"remaining_time":0.6864936372},
{"learn":[0.3932146403],"iteration":323,"passed_time":0.3280652642,"remaining_time":0.6844818475},
{"learn":[0.3928218676],"iteration":324,"passed_time":0.3285930018,"remaining_time":0.6824623884},
{"learn":[0.3922981446],"iteration":325,"passed_time":0.3291660025,"remaining_time":0.6805456616},
{"learn":[0.3916605197],"iteration":326,"passed_time":0.3296905816,"remaining_time":0.6785374967},
{"learn":[0.3915267926],"iteration":327,"passed_time":0.3300190114,"remaining_time":0.6761365111},
{"learn":[0.3911110419],"iteration":328,"passed_time":0.3304818996,"remaining_time":0.6740223545},
{"learn":[0.3906544392],"iteration":329,"passed_time":0.3313689242,"remaining_time":0.6727793309},
{"learn":[0.3903105644],"iteration":330,"passed_time":0.3321312535,"remaining_time":0.6712864308},
{"learn":[0.3896688535],"iteration":331,"passed_time":0.3328141564,"remaining_time":0.669638122},
{"learn":[0.3893194034],"iteration":332,"passed_time":0.3334290314,"remaining_time":0.6678593513},
{"learn":[0.389121173],"iteration":333,"passed_time":0.3338266588,"remaining_time":0.6656543555},
{"learn":[0.3886016644],"iteration":334,"passed_time":0.3343487718,"remaining_time":0.6637072633},
{"learn":[0.3881084387],"iteration":335,"passed_time":0.3348872941,"remaining_time":0.6618010811},
{"learn":[0.3873333711],"iteration":336,"passed_time":0.3356183901,"remaining_time":0.6602818773},
{"learn":[0.3867349863],"iteration":337,"passed_time":0.3363794783,"remaining_time":0.6588260787},
{"learn":[0.3860767254],"iteration":338,"passed_time":0.3369987144,"remaining_time":0.6570977882},
{"learn":[0.3851789034],"iteration":339,"passed_time":0.3375460788,"remaining_time":0.6552365058},
{"learn":[0.384786151],"iteration":340,"passed_time":0.3380956637,"remaining_time":0.6533872211},
{"learn":[0.3844798675],"iteration":341,"passed_time":0.3385154357,"remaining_time":0.6512957799},
{"learn":[0.38382042],"iteration":342,"passed_time":0.3390329762,"remaining_time":0.6494013567},
{"learn":[0.3834329312],"iteration":343,"passed_time":0.3395935268,"remaining_time":0.6475969581},
{"learn":[0.3829189942],"iteration":344,"passed_time":0.3401133816,"remaining_time":0.6457225071},
{"learn":[0.3826529466],"iteration":345,"passed_time":0.3406141228,"remaining_time":0.6438197581},
{"learn":[0.3821998211],"iteration":346,"passed_time":0.3411417327,"remaining_time":0.6419756526},
{"learn":[0.381784573],"iteration":347,"passed_time":0.3416555617,"remaining_time":0.6401132937},
{"learn":[0.3814854787],"iteration":348,"passed_time":0.3423664186,"remaining_time":0.6386261849},
{"learn":[0.3807821842],"iteration":349,"passed_time":0.3429887599,"remaining_time":0.6369791256},
{"learn":[0.3802571425],"iteration":350,"passed_time":0.3435201673,"remaining_time":0.635169768},
{"learn":[0.380148607],"iteration":351,"passed_time":0.3438891718,"remaining_time":0.6330687026},
{"learn":[0.3798275122],"iteration":352,"passed_time":0.3444382705,"remaining_time":0.6313075383},
{"learn":[0.3794154149],"iteration":353,"passed_time":0.3449467571,"remaining_time":0.6294791105},
{"learn":[0.3790390088],"iteration":354,"passed_time":0.3454498905,"remaining_time":0.6276483925},
{"learn":[0.3785363014],"iteration":355,"passed_time":0.3460378252,"remaining_time":0.6259785378},
{"learn":[0.3779480586],"iteration":356,"passed_time":0.3466080175,"remaining_time":0.6242827878},
{"learn":[0.3774161541],"iteration":357,"passed_time":0.3471743421,"remaining_time":0.6225863899},
{"learn":[0.3769108075],"iteration":358,"passed_time":0.3477677549,"remaining_time":0.6209446544},
{"learn":[0.3764214222],"iteration":359,"passed_time":0.3483981732,"remaining_time":0.6193745301},
{"learn":[0.3756490414],"iteration":360,"passed_time":0.3489070777,"remaining_time":0.6175945225},
{"learn":[0.375088114],"iteration":361,"passed_time":0.3496683757,"remaining_time":0.6162663637},
{"learn":[0.3745640094],"iteration":362,"passed_time":0.3506682297,"remaining_time":0.6153599513},
{"learn":[0.374190391],"iteration":363,"passed_time":0.3514591343,"remaining_time":0.6140879379},
{"learn":[0.3737819983],"iteration":364,"passed_time":0.3520737837,"remaining_time":0.6125119251},
{"learn":[0.3734270829],"iteration":365,"passed_time":0.3526452608,"remaining_time":0.6108663808},
{"learn":[0.3728952628],"iteration":366,"passed_time":0.3532024789,"remaining_time":0.6092020958},
{"learn":[0.3726202891],"iteration":367,"passed_time":0.3535385926,"remaining_time":0.6071641047},
{"learn":[0.3720741125],"iteration":368,"passed_time":0.3539542623,"remaining_time":0.6052713808},
{"learn":[0.3717378818],"iteration":369,"passed_time":0.3544889295,"remaining_time":0.6035892583},
{"learn":[0.3712425966],"iteration":370,"passed_time":0.35524766,"remaining_time":0.6022932025},
{"learn":[0.3707629919],"iteration":371,"passed_time":0.3560010375,"remaining_time":0.6009909988},
{"learn":[0.3702266877],"iteration":372,"passed_time":0.3566203533,"remaining_time":0.5994663847},
{"learn":[0.3698977525],"iteration":373,"passed_time":0.3573462755,"remaining_time":0.5981250493},
{"learn":[0.3693065368],"iteration":374,"passed_time":0.3579493294,"remaining_time":0.5965822156},
{"learn":[0.3688417471],"iteration":375,"passed_time":0.3585573834,"remaining_time":0.5950526788},
{"learn":[0.3683296185],"iteration":376,"passed_time":0.3590918379,"remaining_time":0.5934064058},
{"learn":[0.3677642052],"iteration":377,"passed_time":0.359669805,"remaining_time":0.5918376157},
{"learn":[0.367548695],"iteration":378,"passed_time":0.3601281352,"remaining_time":0.5900780262},
{"learn":[0.3671441225],"iteration":379,"passed_time":0.3608765945,"remaining_time":0.5887986542},
{"learn":[0.3665016468],"iteration":380,"passed_time":0.3615449915,"remaining_time":0.587391994},
{"learn":[0.3660924215],"iteration":381,"passed_time":0.3621400371,"remaining_time":0.5858705312},
{"learn":[0.3655182325],"iteration":382,"passed_time":0.3627043296,"remaining_time":0.5843043639},
{"learn":[0.3651993403],"iteration":383,"passed_time":0.363289444,"remaining_time":0.5827768165},
{"learn":[0.3645690845],"iteration":384,"passed_time":0.3639058787,"remaining_time":0.5813041958},
{"learn":[0.3640908975],"iteration":385,"passed_time":0.3644383742,"remaining_time":0.5797024916},
{"learn":[0.3634916452],"iteration":386,"passed_time":0.3652450397,"remaining_time":0.5785405926},
{"learn":[0.3631301935],"iteration":387,"passed_time":0.3660744622,"remaining_time":0.5774164198},
{"learn":[0.3626404029],"iteration":388,"passed_time":0.3667580016,"remaining_time":0.5760646246},
{"learn":[0.3622439696],"iteration":389,"passed_time":0.3675170062,"remaining_time":0.5748342918},
{"learn":[0.3619168043],"iteration":390,"passed_time":0.3681045081,"remaining_time":0.5733392466},
{"learn":[0.3615748479],"iteration":391,"passed_time":0.368822364,"remaining_time":0.5720510135},
{"learn":[0.361307643],"iteration":392,"passed_time":0.3694702242,"remaining_time":0.5706575728},
{"learn":[0.3609198167],"iteration":393,"passed_time":0.3700488423,"remaining_time":0.5691614173},
{"learn":[0.3604618549],"iteration":394,"passed_time":0.370657725,"remaining_time":0.5677162624},
{"learn":[0.3600707072],"iteration":395,"passed_time":0.371422423,"remaining_time":0.5665129886},
{"learn":[0.3595984184],"iteration":396,"passed_time":0.3719997089,"remaining_time":0.5650272656},
{"learn":[0.3592432572],"iteration":397,"passed_time":0.3724684759,"remaining_time":0.563381966},
{"learn":[0.3587419712],"iteration":398,"passed_time":0.3731220197,"remaining_time":0.5620208868},
{"learn":[0.3584624474],"iteration":399,"passed_time":0.3738245149,"remaining_time":0.5607367723},
{"learn":[0.3581678427],"iteration":400,"passed_time":0.3745011441,"remaining_time":0.559416921},
{"learn":[0.3575315365],"iteration":401,"passed_time":0.3750766925,"remaining_time":0.5579499058},
{"learn":[0.3569596272],"iteration":402,"passed_time":0.3757991786,"remaining_time":0.5567049867},
{"learn":[0.3564910907],"iteration":403,"passed_time":0.3766082328,"remaining_time":0.5555903633},
{"learn":[0.35616056],"iteration":404,"passed_time":0.3774821684,"remaining_time":0.5545725683},
{"learn":[0.3557970671],"iteration":405,"passed_time":0.3781850688,"remaining_time":0.5533052484},
{"learn":[0.3552522733],"iteration":406,"passed_time":0.3788255042,"remaining_time":0.5519496904},
{"learn":[0.35477431],"iteration":407,"passed_time":0.3794395614,"remaining_time":0.5505593636},
{"learn":[0.3542251128],"iteration":408,"passed_time":0.3800183843,"remaining_time":0.5491219197},
{"learn":[0.3539036292],"iteration":409,"passed_time":0.3807237014,"remaining_time":0.5478706922},
{"learn":[0.353413083],"iteration":410,"passed_time":0.3814180778,"remaining_time":0.5466064424},
{"learn":[0.3530837628],"iteration":411,"passed_time":0.382010646,"remaining_time":0.5451996598},
{"learn":[0.3526714307],"iteration":412,"passed_time":0.3826585112,"remaining_time":0.5438754143},
{"learn":[0.3523025824],"iteration":413,"passed_time":0.3836502908,"remaining_time":0.5430412329},
{"learn":[0.3519765359],"iteration":414,"passed_time":0.3841939813,"remaining_time":0.5415746484},
{"learn":[0.3514402059],"iteration":415,"passed_time":0.3847306749,"remaining_time":0.5401026782},
{"learn":[0.3509389034],"iteration":416,"passed_time":0.3852687612,"remaining_time":0.5386371409},
{"learn":[0.3503226885],"iteration":417,"passed_time":0.3861710329,"remaining_time":0.5376831127},
{"learn":[0.3500600503],"iteration":418,"passed_time":0.3866379162,"remaining_time":0.5361256069},
{"learn":[0.3496381191],"iteration":419,"passed_time":0.3872230933,"remaining_time":0.5347366527},
{"learn":[0.3491286901],"iteration":420,"passed_time":0.3878146047,"remaining_time":0.5333602283},
{"learn":[0.3489281599],"iteration":421,"passed_time":0.3882762062,"remaining_time":0.5318095905},
{"learn":[0.3482828819],"iteration":422,"passed_time":0.3888342671,"remaining_time":0.5303956788},
{"learn":[0.3479434655],"iteration":423,"passed_time":0.3894232596,"remaining_time":0.5290278244},
{"learn":[0.3474220844],"iteration":424,"passed_time":0.3900850953,"remaining_time":0.5277621878},
{"learn":[0.3471112508],"iteration":425,"passed_time":0.3906854538,"remaining_time":0.5264165504},
{"learn":[0.3470248497],"iteration":426,"passed_time":0.3910316235,"remaining_time":0.5247333027},
{"learn":[0.3463046606],"iteration":427,"passed_time":0.3915679528,"remaining_time":0.5233104416},
{"learn":[0.3459547556],"iteration":428,"passed_time":0.3919550263,"remaining_time":0.5216930537},
{"learn":[0.3453102699],"iteration":429,"passed_time":0.3924500215,"remaining_time":0.5202244471},
{"learn":[0.3445829098],"iteration":430,"passed_time":0.3929953764,"remaining_time":0.5188268427},
{"learn":[0.3439381104],"iteration":431,"passed_time":0.3935280389,"remaining_time":0.5174164955},
{"learn":[0.3434348748],"iteration":432,"passed_time":0.3940479059,"remaining_time":0.5159934472},
{"learn":[0.3431007092],"iteration":433,"passed_time":0.3946832737,"remaining_time":0.5147251911},
{"learn":[0.3426866421],"iteration":434,"passed_time":0.3952623052,"remaining_time":0.5133866723},
{"learn":[0.3422099847],"iteration":435,"passed_time":0.3960473138,"remaining_time":0.5123180848},
{"learn":[0.3419212836],"iteration":436,"passed_time":0.3967529452,"remaining_time":0.5111485312},
{"learn":[0.34165665],"iteration":437,"passed_time":0.3973085632,"remaining_time":0.509788613},
{"learn":[0.3414423649],"iteration":438,"passed_time":0.3983217496,"remaining_time":0.5090170878},
{"learn":[0.3413139618],"iteration":439,"passed_time":0.3989603164,"remaining_time":0.5077676755},
{"learn":[0.3408012885],"iteration":440,"passed_time":0.3996305729,"remaining_time":0.5065612024},
{"learn":[0.3404841441],"iteration":441,"passed_time":0.4002027599,"remaining_time":0.5052333485},
{"learn":[0.3398695616],"iteration":442,"passed_time":0.400788294,"remaining_time":0.503925688},
{"learn":[0.3395041906],"iteration":443,"passed_time":0.4013802605,"remaining_time":0.5026293353},
{"learn":[0.3389933935],"iteration":444,"passed_time":0.4019529262,"remaining_time":0.5013120765},
{"learn":[0.3384184911],"iteration":445,"passed_time":0.4024940448,"remaining_time":0.4999589705},
{"learn":[0.3379630877],"iteration":446,"passed_time":0.4030270683,"remaining_time":0.4985994827},
{"learn":[0.3374617852],"iteration":447,"passed_time":0.4036455682,"remaining_time":0.4973490037},
{"learn":[0.3372047278],"iteration":448,"passed_time":0.404243277,"remaining_time":0.4960758254},
{"learn":[0.3367082614],"iteration":449,"passed_time":0.4048655985,"remaining_time":0.4948357315},
{"learn":[0.3362394223],"iteration":450,"passed_time":0.4054970409,"remaining_time":0.49360948},
{"learn":[0.335909009],"iteration":451,"passed_time":0.4061473209,"remaining_time":0.4924086988},
{"learn":[0.3356233157],"iteration":452,"passed_time":0.4067804826,"remaining_time":0.4911896777},
{"learn":[0.3352231668],"iteration":453,"passed_time":0.4080929286,"remaining_time":0.4907901741},
{"learn":[0.3348142477],"iteration":454,"passed_time":0.4087224278,"remaining_time":0.4895686223},
{"learn":[0.3343608049],"iteration":455,"passed_time":0.4092597901,"remaining_time":0.4882397496},
{"learn":[0.3337778972],"iteration":456,"passed_time":0.4098162748,"remaining_time":0.4869370617},
{"learn":[0.3334027107],"iteration":457,"passed_time":0.4103375073,"remaining_time":0.4855959147},
{"learn":[0.3328994568],"iteration":458,"passed_time":0.4108908717,"remaining_time":0.4842962127},
{"learn":[0.3326660872],"iteration":459,"passed_time":0.4114267651,"remaining_time":0.482979246},
{"learn":[0.3323577973],"iteration":460,"passed_time":0.4119846275,"remaining_time":0.481691354},
{"learn":[0.3319415404],"iteration":461,"passed_time":0.4125334894,"remaining_time":0.4803961413},
{"learn":[0.3315758852],"iteration":462,"passed_time":0.4131018002,"remaining_time":0.4791267099},
{"learn":[0.331268703],"iteration":463,"passed_time":0.4137074997,"remaining_time":0.477903491},
{"learn":[0.3309314985],"iteration":464,"passed_time":0.4142702802,"remaining_time":0.4766335482},
{"learn":[0.3305141816],"iteration":465,"passed_time":0.4148304733,"remaining_time":0.4753636754},
{"learn":[0.3296298229],"iteration":466,"passed_time":0.4154228984,"remaining_time":0.4741336292},
{"learn":[0.3291943367],"iteration":467,"passed_time":0.416005387,"remaining_time":0.4728950125},
{"learn":[0.3289545389],"iteration":468,"passed_time":0.4165900936,"remaining_time":0.4716617051},
{"learn":[0.3285528972],"iteration":469,"passed_time":0.4171004376,"remaining_time":0.4703473019},
{"learn":[0.3283818997],"iteration":470,"passed_time":0.4175802756,"remaining_time":0.4690020505},
{"learn":[0.3281432427],"iteration":471,"passed_time":0.4180025568,"remaining_time":0.4675960805},
{"learn":[0.3280532965],"iteration":472,"passed_time":0.4184513648,"remaining_time":0.4662238251},
{"learn":[0.3277187641],"iteration":473,"passed_time":0.4189833239,"remaining_time":0.4649477392},
{"learn":[0.3274356659],"iteration":474,"passed_time":0.4194987589,"remaining_time":0.463656523},
{"learn":[0.3270080566],"iteration":475,"passed_time":0.4199037572,"remaining_time":0.4622469932},
{"learn":[0.3268672154],"iteration":476,"passed_time":0.4203676922,"remaining_time":0.4609062956},
{"learn":[0.3265491907],"iteration":477,"passed_time":0.4212036387,"remaining_time":0.4599755217},
{"learn":[0.3260688488],"iteration":478,"passed_time":0.4218325977,"remaining_time":0.4588200071},
{"learn":[0.3258128735],"iteration":479,"passed_time":0.4224283538,"remaining_time":0.4576307166},
{"learn":[0.3252199026],"iteration":480,"passed_time":0.4229977154,"remaining_time":0.4564154143},
{"learn":[0.3248435809],"iteration":481,"passed_time":0.423526192,"remaining_time":0.4551588537},
{"learn":[0.3244537775],"iteration":482,"passed_time":0.4240135914,"remaining_time":0.453861339},
{"learn":[0.3240225352],"iteration":483,"passed_time":0.4245306412,"remaining_time":0.4525987828},
{"learn":[0.3237593596],"iteration":484,"passed_time":0.4250399378,"remaining_time":0.451331068},
{"learn":[0.3233367333],"iteration":485,"passed_time":0.4255056573,"remaining_time":0.4500203866},
{"learn":[0.3231675772],"iteration":486,"passed_time":0.4259855961,"remaining_time":0.4487281536},
{"learn":[0.3230051242],"iteration":487,"passed_time":0.4265484055,"remaining_time":0.447526196},
{"learn":[0.322561585],"iteration":488,"passed_time":0.4270413276,"remaining_time":0.4462538209},
{"learn":[0.3223227794],"iteration":489,"passed_time":0.4275253552,"remaining_time":0.4449753697},
{"learn":[0.3219795062],"iteration":490,"passed_time":0.4280205455,"remaining_time":0.4437117264},
{"learn":[0.3216934241],"iteration":491,"passed_time":0.4285041135,"remaining_time":0.4424392066},
{"learn":[0.3214801128],"iteration":492,"passed_time":0.4290933924,"remaining_time":0.4412786003},
{"learn":[0.3211890771],"iteration":493,"passed_time":0.4295802651,"remaining_time":0.4400154132},
{"learn":[0.3206827641],"iteration":494,"passed_time":0.4300951938,"remaining_time":0.4387839856},
{"learn":[0.3205104039],"iteration":495,"passed_time":0.4311043852,"remaining_time":0.4380576818},
{"learn":[0.3199422928],"iteration":496,"passed_time":0.4316990061,"remaining_time":0.4369106641},
{"learn":[0.3198431253],"iteration":497,"passed_time":0.4321005146,"remaining_time":0.4355712015},
{"learn":[0.3194779249],"iteration":498,"passed_time":0.4332760203,"remaining_time":0.4350125975},
{"learn":[0.3192054052],"iteration":499,"passed_time":0.4338411845,"remaining_time":0.4338411845},
{"learn":[0.3188096835],"iteration":500,"passed_time":0.4344463668,"remaining_time":0.4327120499},
{"learn":[0.3186503759],"iteration":501,"passed_time":0.4350849671,"remaining_time":0.4316181546},
{"learn":[0.3183899476],"iteration":502,"passed_time":0.4357118941,"remaining_time":0.4305145355},
{"learn":[0.318135742],"iteration":503,"passed_time":0.4363737279,"remaining_time":0.4294471608},
{"learn":[0.3176719335],"iteration":504,"passed_time":0.4368911448,"remaining_time":0.428239835},
{"learn":[0.3171316752],"iteration":505,"passed_time":0.4374671762,"remaining_time":0.4270924606},
{"learn":[0.3169627832],"iteration":506,"passed_time":0.4379321429,"remaining_time":0.4258393421},
{"learn":[0.3167063218],"iteration":507,"passed_time":0.438490132,"remaining_time":0.4246794192},
{"learn":[0.3163445418],"iteration":508,"passed_time":0.4390213901,"remaining_time":0.4234960757},
{"learn":[0.3161188584],"iteration":509,"passed_time":0.439457015,"remaining_time":0.4222234065},
{"learn":[0.3157435527],"iteration":510,"passed_time":0.4400130332,"remaining_time":0.4210692236},
{"learn":[0.3154278865],"iteration":511,"passed_time":0.4405826881,"remaining_time":0.4199303746},
{"learn":[0.3149928717],"iteration":512,"passed_time":0.4412195742,"remaining_time":0.4188575685},
{"learn":[0.3146876115],"iteration":513,"passed_time":0.4418447549,"remaining_time":0.4177753908},
{"learn":[0.3143851592],"iteration":514,"passed_time":0.4423399596,"remaining_time":0.4165725834},
{"learn":[0.3141467791],"iteration":515,"passed_time":0.4433241974,"remaining_time":0.4158312239},
{"learn":[0.3137655001],"iteration":516,"passed_time":0.4445078688,"remaining_time":0.415275243},
{"learn":[0.313546366],"iteration":517,"passed_time":0.4458615777,"remaining_time":0.4148750588},
{"learn":[0.3132950049],"iteration":518,"passed_time":0.4464820698,"remaining_time":0.4137916678},
{"learn":[0.3129230224],"iteration":519,"passed_time":0.4470511633,"remaining_time":0.4126626123},
{"learn":[0.3126849468],"iteration":520,"passed_time":0.4475715843,"remaining_time":0.4114909575},
{"learn":[0.312398949],"iteration":521,"passed_time":0.4481100169,"remaining_time":0.4103382913},
{"learn":[0.312313001],"iteration":522,"passed_time":0.4484517194,"remaining_time":0.4090085471},
{"learn":[0.3121596153],"iteration":523,"passed_time":0.4488731944,"remaining_time":0.4077550392},
{"learn":[0.3117929532],"iteration":524,"passed_time":0.4493633959,"remaining_time":0.406566882},
{"learn":[0.311551802],"iteration":525,"passed_time":0.4498905338,"remaining_time":0.4054146635},
{"learn":[0.3112069258],"iteration":526,"passed_time":0.4504011261,"remaining_time":0.4042499671},
{"learn":[0.3109564103],"iteration":527,"passed_time":0.4508951053,"remaining_time":0.4030728972},
{"learn":[0.310533729],"iteration":528,"passed_time":0.4513974638,"remaining_time":0.4019058704},
{"learn":[0.3099443766],"iteration":529,"passed_time":0.4519138753,"remaining_time":0.400753814},
{"learn":[0.3096195221],"iteration":530,"passed_time":0.4524109687,"remaining_time":0.3995870891},
{"learn":[0.3091832638],"iteration":531,"passed_time":0.4529242613,"remaining_time":0.3984371321},
{"learn":[0.3090299368],"iteration":532,"passed_time":0.4533271757,"remaining_time":0.3971928538},
{"learn":[0.3086679147],"iteration":533,"passed_time":0.4538002461,"remaining_time":0.3960129488},
{"learn":[0.3083186626],"iteration":534,"passed_time":0.4548181563,"remaining_time":0.3953092387},
{"learn":[0.3080231997],"iteration":535,"passed_time":0.4553730136,"remaining_time":0.3942035043},
{"learn":[0.3076211948],"iteration":536,"passed_time":0.4559106786,"remaining_time":0.3930849985},
{"learn":[0.3072777033],"iteration":537,"passed_time":0.4567260228,"remaining_time":0.3922071051},
{"learn":[0.3069718159],"iteration":538,"passed_time":0.4573084013,"remaining_time":0.3911301911},
{"learn":[0.3067591539],"iteration":539,"passed_time":0.4579123256,"remaining_time":0.3900734626},
{"learn":[0.3063629572],"iteration":540,"passed_time":0.4584938829,"remaining_time":0.3889994312},
{"learn":[0.3061051956],"iteration":541,"passed_time":0.4590409913,"remaining_time":0.3878981071},
{"learn":[0.305743179],"iteration":542,"passed_time":0.4597153668,"remaining_time":0.3869059348},
{"learn":[0.3051106215],"iteration":543,"passed_time":0.4603842171,"remaining_time":0.3859102996},
{"learn":[0.3048369995],"iteration":544,"passed_time":0.4608749007,"remaining_time":0.3847671189},
{"learn":[0.3045567898],"iteration":545,"passed_time":0.4613935713,"remaining_time":0.3836495996},
{"learn":[0.3041847541],"iteration":546,"passed_time":0.4618872879,"remaining_time":0.3825136041},
{"learn":[0.3038513202],"iteration":547,"passed_time":0.4624055674,"remaining_time":0.3814002125},
{"learn":[0.3034789012],"iteration":548,"passed_time":0.462936039,"remaining_time":0.3802990047},
{"learn":[0.3031044703],"iteration":549,"passed_time":0.4634275705,"remaining_time":0.3791680122},
{"learn":[0.3027765714],"iteration":550,"passed_time":0.4639391592,"remaining_time":0.378055685},
{"learn":[0.3022611398],"iteration":551,"passed_time":0.4644245164,"remaining_time":0.3769242452},
{"learn":[0.301943823],"iteration":552,"passed_time":0.4649048049,"remaining_time":0.3757910449},
{"learn":[0.3017540051],"iteration":553,"passed_time":0.4654460902,"remaining_time":0.3747093072},
{"learn":[0.3013859419],"iteration":554,"passed_time":0.4659755053,"remaining_time":0.3736199998},
{"learn":[0.3011093195],"iteration":555,"passed_time":0.4665006381,"remaining_time":0.3725292866},
{"learn":[0.3010420873],"iteration":556,"passed_time":0.4668155206,"remaining_time":0.3712733853},
{"learn":[0.3009197914],"iteration":557,"passed_time":0.4674353392,"remaining_time":0.3702624013},
{"learn":[0.3006886647],"iteration":558,"passed_time":0.4679791568,"remaining_time":0.3691928589},
{"learn":[0.3004116627],"iteration":559,"passed_time":0.4685365345,"remaining_time":0.3681358485},
{"learn":[0.299926004],"iteration":560,"passed_time":0.469206483,"remaining_time":0.3671687095},
{"learn":[0.2996636849],"iteration":561,"passed_time":0.4697344907,"remaining_time":0.3660920052},
{"learn":[0.2995141891],"iteration":562,"passed_time":0.4701343543,"remaining_time":0.3649177847},
{"learn":[0.2989920506],"iteration":563,"passed_time":0.4706456279,"remaining_time":0.3638324358},
{"learn":[0.298340968],"iteration":564,"passed_time":0.4711701547,"remaining_time":0.3627593226},
{"learn":[0.2980697412],"iteration":565,"passed_time":0.4716722058,"remaining_time":0.361670914},
{"learn":[0.2979059256],"iteration":566,"passed_time":0.472242203,"remaining_time":0.3606364619},
{"learn":[0.2975694986],"iteration":567,"passed_time":0.4727337702,"remaining_time":0.3595439943},
{"learn":[0.2972319475],"iteration":568,"passed_time":0.4732602927,"remaining_time":0.3584801162},
{"learn":[0.2969662795],"iteration":569,"passed_time":0.4738771366,"remaining_time":0.357486261},
{"learn":[0.2964451515],"iteration":570,"passed_time":0.4744230992,"remaining_time":0.3564404721},
{"learn":[0.2961691361],"iteration":571,"passed_time":0.4749451795,"remaining_time":0.3553785609},
{"learn":[0.2958010435],"iteration":572,"passed_time":0.4755016887,"remaining_time":0.3543441903},
{"learn":[0.2956269264],"iteration":573,"passed_time":0.4760492068,"remaining_time":0.353304812},
{"learn":[0.2954968306],"iteration":574,"passed_time":0.4765007921,"remaining_time":0.3521962376},
{"learn":[0.295351784],"iteration":575,"passed_time":0.4771505379,"remaining_time":0.3512358126},
{"learn":[0.2950470044],"iteration":576,"passed_time":0.4776707644,"remaining_time":0.3501815136},
{"learn":[0.294700032],"iteration":577,"passed_time":0.4781869952,"remaining_time":0.3491261453},
{"learn":[0.2943037693],"iteration":578,"passed_time":0.4787062204,"remaining_time":0.3480748166},
{"learn":[0.293976925],"iteration":579,"passed_time":0.4792175772,"remaining_time":0.3470196249},
{"learn":[0.293635383],"iteration":580,"passed_time":0.4797929173,"remaining_time":0.3460124481},
{"learn":[0.2932696783],"iteration":581,"passed_time":0.4804753023,"remaining_time":0.3450836364},
{"learn":[0.2930898611],"iteration":582,"passed_time":0.4810489222,"remaining_time":0.344077874},
{"learn":[0.292802431],"iteration":583,"passed_time":0.4815653525,"remaining_time":0.3430328539},
{"learn":[0.2925975543],"iteration":584,"passed_time":0.4821439775,"remaining_time":0.3420337618},
{"learn":[0.2922675298],"iteration":585,"passed_time":0.4826468025,"remaining_time":0.3409825533},
{"learn":[0.29189017],"iteration":586,"passed_time":0.483155126,"remaining_time":0.3399370818},
{"learn":[0.2914847741],"iteration":587,"passed_time":0.4836574118,"remaining_time":0.3388892069},
{"learn":[0.2911147906],"iteration":588,"passed_time":0.4841717194,"remaining_time":0.3378515733},
{"learn":[0.2906076688],"iteration":589,"passed_time":0.4847141772,"remaining_time":0.3368352757},
{"learn":[0.2902681131],"iteration":590,"passed_time":0.4852000044,"remaining_time":0.3357813905},
{"learn":[0.2898643053],"iteration":591,"passed_time":0.4857064361,"remaining_time":0.3347436248},
{"learn":[0.2895990243],"iteration":592,"passed_time":0.4862119681,"remaining_time":0.3337070338},
{"learn":[0.2893279571],"iteration":593,"passed_time":0.4867124119,"remaining_time":0.3326687529},
{"learn":[0.2890864115],"iteration":594,"passed_time":0.4872261813,"remaining_time":0.3316413503},
{"learn":[0.2888897602],"iteration":595,"passed_time":0.487729676,"remaining_time":0.3306087065},
{"learn":[0.2885969529],"iteration":596,"passed_time":0.4882487632,"remaining_time":0.3295883611},
{"learn":[0.2881829922],"iteration":597,"passed_time":0.4890195206,"remaining_time":0.328738875},
{"learn":[0.2879236515],"iteration":598,"passed_time":0.4896445658,"remaining_time":0.327792105},
{"learn":[0.2876966715],"iteration":599,"passed_time":0.4902671843,"remaining_time":0.3268447896},
{"learn":[0.2872044233],"iteration":600,"passed_time":0.4909460213,"remaining_time":0.3259358777},
{"learn":[0.2869469679],"iteration":601,"passed_time":0.4915644161,"remaining_time":0.3249877701},
{"learn":[0.2866202941],"iteration":602,"passed_time":0.4922162796,"remaining_time":0.324062791},
{"learn":[0.2862518017],"iteration":603,"passed_time":0.4930014394,"remaining_time":0.3232261092},
{"learn":[0.2856465596],"iteration":604,"passed_time":0.4938402456,"remaining_time":0.3224246232},
{"learn":[0.2853772622],"iteration":605,"passed_time":0.494328725,"remaining_time":0.3213952437},
{"learn":[0.285205997],"iteration":606,"passed_time":0.4948456124,"remaining_time":0.320386039},
{"learn":[0.2850644955],"iteration":607,"passed_time":0.4953410015,"remaining_time":0.3193645931},
{"learn":[0.2846540616],"iteration":608,"passed_time":0.4958807829,"remaining_time":0.3183733762},
{"learn":[0.2843919167],"iteration":609,"passed_time":0.4963656412,"remaining_time":0.3173485247},
{"learn":[0.28414159],"iteration":610,"passed_time":0.4968806063,"remaining_time":0.3163446086},
{"learn":[0.2837510861],"iteration":611,"passed_time":0.4973508228,"remaining_time":0.3153139203},
{"learn":[0.2834984706],"iteration":612,"passed_time":0.4978389759,"remaining_time":0.3142963845},
{"learn":[0.2833115669],"iteration":613,"passed_time":0.4983148117,"remaining_time":0.3132728295},
{"learn":[0.2828868297],"iteration":614,"passed_time":0.4988265983,"remaining_time":0.3122735615},
{"learn":[0.2825609831],"iteration":615,"passed_time":0.4995562633,"remaining_time":0.3114116966},
{"learn":[0.2823542026],"iteration":616,"passed_time":0.500126581,"remaining_time":0.3104513461},
{"learn":[0.2821530415],"iteration":617,"passed_time":0.5006389351,"remaining_time":0.3094564291},
{"learn":[0.2818408673],"iteration":618,"passed_time":0.5011482304,"remaining_time":0.3084611886},
{"learn":[0.2818303952],"iteration":619,"passed_time":0.5014175107,"remaining_time":0.3073204098},
{"learn":[0.2817484489],"iteration":620,"passed_time":0.5017750181,"remaining_time":0.3062362832},
{"learn":[0.281498014],"iteration":621,"passed_time":0.5022845712,"remaining_time":0.3052468938},
{"learn":[0.2810319405],"iteration":622,"passed_time":0.502858676,"remaining_time":0.3042981073},
{"learn":[0.2808638756],"iteration":623,"passed_time":0.5034017938,"remaining_time":0.3033318501},
{"learn":[0.2806423517],"iteration":624,"passed_time":0.5039709572,"remaining_time":0.3023825743},
{"learn":[0.2802876436],"iteration":625,"passed_time":0.50480379,"remaining_time":0.3015920407},
{"learn":[0.2798963473],"iteration":626,"passed_time":0.5053926759,"remaining_time":0.300656249},
{"learn":[0.2795776532],"iteration":627,"passed_time":0.5059100786,"remaining_time":0.2996792185},
{"learn":[0.2793935061],"iteration":628,"passed_time":0.5063968663,"remaining_time":0.298685592},
{"learn":[0.2791255584],"iteration":629,"passed_time":0.5069293888,"remaining_time":0.2977204347},
{"learn":[0.2789198802],"iteration":630,"passed_time":0.5074361157,"remaining_time":0.2967415637},
{"learn":[0.2785253892],"iteration":631,"passed_time":0.5079189958,"remaining_time":0.2957503014},
{"learn":[0.278310132],"iteration":632,"passed_time":0.5084357241,"remaining_time":0.2947802697},
{"learn":[0.2779547049],"iteration":633,"passed_time":0.5089382486,"remaining_time":0.2938034684},
{"learn":[0.2775729399],"iteration":634,"passed_time":0.5094485844,"remaining_time":0.2928326509},
{"learn":[0.2772974583],"iteration":635,"passed_time":0.509962365,"remaining_time":0.2918652529},
{"learn":[0.2770595679],"iteration":636,"passed_time":0.5104730578,"remaining_time":0.2908975196},
{"learn":[0.2768928179],"iteration":637,"passed_time":0.510976039,"remaining_time":0.2899268434},
{"learn":[0.276724786],"iteration":638,"passed_time":0.5114824788,"remaining_time":0.2889595851},
{"learn":[0.2764720091],"iteration":639,"passed_time":0.5121016754,"remaining_time":0.2880571924},
{"learn":[0.2758937065],"iteration":640,"passed_time":0.5127550383,"remaining_time":0.2871748186},
{"learn":[0.2757478824],"iteration":641,"passed_time":0.5133626622,"remaining_time":0.2862676528},
{"learn":[0.2753939335],"iteration":642,"passed_time":0.5139548932,"remaining_time":0.2853528723},
{"learn":[0.2749394527],"iteration":643,"passed_time":0.5144933383,"remaining_time":0.2844093609},
{"learn":[0.2746929114],"iteration":644,"passed_time":0.5152024619,"remaining_time":0.2835610449},
{"learn":[0.2744648823],"iteration":645,"passed_time":0.5157381068,"remaining_time":0.2826180957},
{"learn":[0.2740533627],"iteration":646,"passed_time":0.5162721968,"remaining_time":0.2816755571},
{"learn":[0.2738883257],"iteration":647,"passed_time":0.5168583736,"remaining_time":0.2807625733},
{"learn":[0.2734665045],"iteration":648,"passed_time":0.5174786336,"remaining_time":0.2798690299},
{"learn":[0.2733095664],"iteration":649,"passed_time":0.5181405528,"remaining_time":0.2789987592},
{"learn":[0.2730150094],"iteration":650,"passed_time":0.5186494789,"remaining_time":0.2780471093},
{"learn":[0.2728163224],"iteration":651,"passed_time":0.5190326461,"remaining_time":0.2770296945},
{"learn":[0.2726325237],"iteration":652,"passed_time":0.5195099813,"remaining_time":0.2760642626},
{"learn":[0.2724135069],"iteration":653,"passed_time":0.520267463,"remaining_time":0.2752485355},
{"learn":[0.272000509],"iteration":654,"passed_time":0.5207625059,"remaining_time":0.274294755},
{"learn":[0.2715284531],"iteration":655,"passed_time":0.5215223145,"remaining_time":0.2734812137},
{"learn":[0.2712420647],"iteration":656,"passed_time":0.5220989112,"remaining_time":0.2725721865},
{"learn":[0.2710357703],"iteration":657,"passed_time":0.5226721961,"remaining_time":0.2716624484},
{"learn":[0.2708561274],"iteration":658,"passed_time":0.5232204821,"remaining_time":0.2707407957},
{"learn":[0.2705932581],"iteration":659,"passed_time":0.5237399134,"remaining_time":0.2698054099},
{"learn":[0.2700946661],"iteration":660,"passed_time":0.5243298049,"remaining_time":0.2689074188},
{"learn":[0.269738289],"iteration":661,"passed_time":0.5248982568,"remaining_time":0.2679994121},
{"learn":[0.2692990578],"iteration":662,"passed_time":0.5254398338,"remaining_time":0.2670787692},
{"learn":[0.2691193819],"iteration":663,"passed_time":0.5260185256,"remaining_time":0.2661780491},
{"learn":[0.2688995086],"iteration":664,"passed_time":0.5265880964,"remaining_time":0.2652737027},
{"learn":[0.2688566355],"iteration":665,"passed_time":0.5270185076,"remaining_time":0.2643005729},
{"learn":[0.2687586821],"iteration":666,"passed_time":0.5275329053,"remaining_time":0.2633710007},
{"learn":[0.2685613614],"iteration":667,"passed_time":0.5282539149,"remaining_time":0.2625453589},
{"learn":[0.2684723836],"iteration":668,"passed_time":0.528639973,"remaining_time":0.2615543065},
{"learn":[0.2683002985],"iteration":669,"passed_time":0.5293649356,"remaining_time":0.2607319832},
{"learn":[0.2679555489],"iteration":670,"passed_time":0.5298801473,"remaining_time":0.2598071065},
{"learn":[0.2675846393],"iteration":671,"passed_time":0.5303664663,"remaining_time":0.2588693467},
{"learn":[0.2672516181],"iteration":672,"passed_time":0.5308789929,"remaining_time":0.2579456622},
{"learn":[0.2670949349],"iteration":673,"passed_time":0.5313565379,"remaining_time":0.257006278},
{"learn":[0.266788026],"iteration":674,"passed_time":0.5318586527,"remaining_time":0.2560800921},
{"learn":[0.2665609616],"iteration":675,"passed_time":0.5323757383,"remaining_time":0.2551623361},
{"learn":[0.2663259708],"iteration":676,"passed_time":0.5329813484,"remaining_time":0.2542879993},
{"learn":[0.2660709968],"iteration":677,"passed_time":0.5335715015,"remaining_time":0.2534071143},
{"learn":[0.2658266966],"iteration":678,"passed_time":0.5341095314,"remaining_time":0.2525024441},
{"learn":[0.2657267791],"iteration":679,"passed_time":0.5344809132,"remaining_time":0.2515204298},
{"learn":[0.2654246495],"iteration":680,"passed_time":0.5349860617,"remaining_time":0.2506028688},
{"learn":[0.2651627779],"iteration":681,"passed_time":0.5355067901,"remaining_time":0.2496937819},
{"learn":[0.2650251664],"iteration":682,"passed_time":0.5360439984,"remaining_time":0.2487934809},
{"learn":[0.2644865586],"iteration":683,"passed_time":0.5365351208,"remaining_time":0.2478729505},
{"learn":[0.2640899493],"iteration":684,"passed_time":0.5370667525,"remaining_time":0.2469723022},
{"learn":[0.2637577882],"iteration":685,"passed_time":0.5376826024,"remaining_time":0.2461112786},
{"learn":[0.2635865156],"iteration":686,"passed_time":0.5382209318,"remaining_time":0.2452156501},
{"learn":[0.2631584901],"iteration":687,"passed_time":0.5387200851,"remaining_time":0.2443032944},
{"learn":[0.2630040591],"iteration":688,"passed_time":0.5392776859,"remaining_time":0.24341852},
{"learn":[0.2627826654],"iteration":689,"passed_time":0.5398402717,"remaining_time":0.2425369337},
{"learn":[0.262717093],"iteration":690,"passed_time":0.5401743163,"remaining_time":0.241554072},
{"learn":[0.26260358],"iteration":691,"passed_time":0.5407048065,"remaining_time":0.2406605208},
{"learn":[0.262328368],"iteration":692,"passed_time":0.5412210238,"remaining_time":0.2397616945},
{"learn":[0.2622077795],"iteration":693,"passed_time":0.5417404611,"remaining_time":0.2388653906},
{"learn":[0.2618559856],"iteration":694,"passed_time":0.5426782121,"remaining_time":0.2381537477},
{"learn":[0.261610939],"iteration":695,"passed_time":0.5435086427,"remaining_time":0.2373945796},
{"learn":[0.2613942825],"iteration":696,"passed_time":0.5440505202,"remaining_time":0.236509767},
{"learn":[0.2611132163],"iteration":697,"passed_time":0.5446685596,"remaining_time":0.2356588897},
{"learn":[0.2609403152],"iteration":698,"passed_time":0.5452397968,"remaining_time":0.2347885248},
{"learn":[0.2607972677],"iteration":699,"passed_time":0.5458012295,"remaining_time":0.2339148126},
{"learn":[0.2602346017],"iteration":700,"passed_time":0.5463266386,"remaining_time":0.2330266262},
{"learn":[0.2600760992],"iteration":701,"passed_time":0.5468492058,"remaining_time":0.2321382669},
{"learn":[0.2596766857],"iteration":702,"passed_time":0.5473297409,"remaining_time":0.2312331907},
{"learn":[0.259430944],"iteration":703,"passed_time":0.5478304046,"remaining_time":0.2303377837},
{"learn":[0.2590926941],"iteration":704,"passed_time":0.5483368611,"remaining_time":0.2294459206},
{"learn":[0.2587207831],"iteration":705,"passed_time":0.5488201559,"remaining_time":0.228545504},
{"learn":[0.2584236769],"iteration":706,"passed_time":0.5493131858,"remaining_time":0.2276503019},
{"learn":[0.2581813739],"iteration":707,"passed_time":0.5498087554,"remaining_time":0.2267572833},
{"learn":[0.2580534605],"iteration":708,"passed_time":0.5503414677,"remaining_time":0.2258806306},
{"learn":[0.2576983342],"iteration":709,"passed_time":0.5508609357,"remaining_time":0.2249995371},
{"learn":[0.2575295962],"iteration":710,"passed_time":0.5514307876,"remaining_time":0.2241399404},
{"learn":[0.2573588848],"iteration":711,"passed_time":0.5520539595,"remaining_time":0.2233027252},
{"learn":[0.2572325523],"iteration":712,"passed_time":0.5526429215,"remaining_time":0.2224523401},
{"learn":[0.2568787905],"iteration":713,"passed_time":0.5531239921,"remaining_time":0.2215594702},
{"learn":[0.2565598818],"iteration":714,"passed_time":0.5536301916,"remaining_time":0.2206777687},
{"learn":[0.2563081228],"iteration":715,"passed_time":0.5541046046,"remaining_time":0.219784508},
{"learn":[0.2559584508],"iteration":716,"passed_time":0.5549706444,"remaining_time":0.2190469907},
{"learn":[0.255788418],"iteration":717,"passed_time":0.5555466997,"remaining_time":0.2181952219},
{"learn":[0.2554968871],"iteration":718,"passed_time":0.5560658217,"remaining_time":0.2173219693},
{"learn":[0.2552802416],"iteration":719,"passed_time":0.5565730056,"remaining_time":0.2164450577},
{"learn":[0.2551056312],"iteration":720,"passed_time":0.5570703509,"remaining_time":0.2155653646},
{"learn":[0.2548986252],"iteration":721,"passed_time":0.5576006438,"remaining_time":0.2146994169},
{"learn":[0.2547134216],"iteration":722,"passed_time":0.5581502726,"remaining_time":0.2138418057},
{"learn":[0.2543847194],"iteration":723,"passed_time":0.5585818846,"remaining_time":0.2129400554},
{"learn":[0.2542234127],"iteration":724,"passed_time":0.5591094889,"remaining_time":0.212076013},
{"learn":[0.2540197813],"iteration":725,"passed_time":0.5596501282,"remaining_time":0.211217817},
{"learn":[0.2538529469],"iteration":726,"passed_time":0.5602149057,"remaining_time":0.2103695588},
{"learn":[0.2534645888],"iteration":727,"passed_time":0.5607395203,"remaining_time":0.2095070735},
{"learn":[0.2532317895],"iteration":728,"passed_time":0.5613506672,"remaining_time":0.2086776829},
{"learn":[0.2531076615],"iteration":729,"passed_time":0.5618902002,"remaining_time":0.2078224028},
{"learn":[0.2528418394],"iteration":730,"passed_time":0.5624144424,"remaining_time":0.2069623598},
{"learn":[0.2526658315],"iteration":731,"passed_time":0.5628206117,"remaining_time":0.2060600054},
{"learn":[0.2523696423],"iteration":732,"passed_time":0.5633393049,"remaining_time":0.2051999924},
{"learn":[0.2521895299],"iteration":733,"passed_time":0.5638897527,"remaining_time":0.2043524172},
{"learn":[0.2520083281],"iteration":734,"passed_time":0.5643606151,"remaining_time":0.2034769565},
{"learn":[0.2518699793],"iteration":735,"passed_time":0.5650816467,"remaining_time":0.2026923298},
{"learn":[0.251651984],"iteration":736,"passed_time":0.5656307432,"remaining_time":0.2018465203},
{"learn":[0.2515019453],"iteration":737,"passed_time":0.5661559572,"remaining_time":0.2009930363},
{"learn":[0.2513398391],"iteration":738,"passed_time":0.5670142827,"remaining_time":0.200258089},
{"learn":[0.2510364312],"iteration":739,"passed_time":0.5677379414,"remaining_time":0.1994754929},
{"learn":[0.2508101573],"iteration":740,"passed_time":0.5682969273,"remaining_time":0.1986354982},
{"learn":[0.2503899428],"iteration":741,"passed_time":0.5688518524,"remaining_time":0.1977948489},
{"learn":[0.2503288342],"iteration":742,"passed_time":0.5692640942,"remaining_time":0.1969056154},
{"learn":[0.2501783041],"iteration":743,"passed_time":0.5697559836,"remaining_time":0.1960450696},
{"learn":[0.2498792905],"iteration":744,"passed_time":0.5702624727,"remaining_time":0.1951905108},
{"learn":[0.2497798883],"iteration":745,"passed_time":0.5707905265,"remaining_time":0.1943442275},
{"learn":[0.2495305832],"iteration":746,"passed_time":0.5713013752,"remaining_time":0.1934929691},
{"learn":[0.2492408386],"iteration":747,"passed_time":0.5717876506,"remaining_time":0.1926343422},
{"learn":[0.2489369502],"iteration":748,"passed_time":0.5723209125,"remaining_time":0.1917924553},
{"learn":[0.2486982272],"iteration":749,"passed_time":0.5728162197,"remaining_time":0.1909387399},
{"learn":[0.2484632125],"iteration":750,"passed_time":0.5733005883,"remaining_time":0.1900823522},
{"learn":[0.2481069271],"iteration":751,"passed_time":0.5737996482,"remaining_time":0.1892317989},
{"learn":[0.2480038093],"iteration":752,"passed_time":0.5741319531,"remaining_time":0.18832748},
{"learn":[0.2477144205],"iteration":753,"passed_time":0.5746315626,"remaining_time":0.1874792631},
{"learn":[0.2475743477],"iteration":754,"passed_time":0.5751475239,"remaining_time":0.186637276},
{"learn":[0.2474208722],"iteration":755,"passed_time":0.5755988439,"remaining_time":0.1857752882},
{"learn":[0.2471300895],"iteration":756,"passed_time":0.5762570421,"remaining_time":0.1849807942},
{"learn":[0.246765034],"iteration":757,"passed_time":0.5768554752,"remaining_time":0.1841675792},
{"learn":[0.2463364491],"iteration":758,"passed_time":0.5774205507,"remaining_time":0.1833443382},
{"learn":[0.2461650115],"iteration":759,"passed_time":0.5781743579,"remaining_time":0.1825813762},
{"learn":[0.2460282399],"iteration":760,"passed_time":0.5787179227,"remaining_time":0.1817524094},
{"learn":[0.2458986246],"iteration":761,"passed_time":0.5792637789,"remaining_time":0.1809249073},
{"learn":[0.2456367933],"iteration":762,"passed_time":0.5797929491,"remaining_time":0.1800929606},
{"learn":[0.245348725],"iteration":763,"passed_time":0.5803455118,"remaining_time":0.1792690324},
{"learn":[0.24524067],"iteration":764,"passed_time":0.5808747541,"remaining_time":0.17843865},
{"learn":[0.2451257449],"iteration":765,"passed_time":0.5813077099,"remaining_time":0.1775796398},
{"learn":[0.2448423459],"iteration":766,"passed_time":0.5818240747,"remaining_time":0.1767470787},
{"learn":[0.2446788568],"iteration":767,"passed_time":0.5823768783,"remaining_time":0.1759263486},
{"learn":[0.2445018108],"iteration":768,"passed_time":0.5829104541,"remaining_time":0.1751005395},
{"learn":[0.244321482],"iteration":769,"passed_time":0.583566323,"remaining_time":0.1743120186},
{"learn":[0.2440136469],"iteration":770,"passed_time":0.5841586769,"remaining_time":0.1735049767},
{"learn":[0.243789273],"iteration":771,"passed_time":0.584753001,"remaining_time":0.1726990728},
{"learn":[0.2434327896],"iteration":772,"passed_time":0.5853364225,"remaining_time":0.1718905148},
{"learn":[0.2430324848],"iteration":773,"passed_time":0.5858862716,"remaining_time":0.1710727356},
{"learn":[0.2428616414],"iteration":774,"passed_time":0.5864110756,"remaining_time":0.1702483768},
{"learn":[0.2426450876],"iteration":775,"passed_time":0.5869647052,"remaining_time":0.1694331108},
{"learn":[0.2425155383],"iteration":776,"passed_time":0.587421402,"remaining_time":0.1685906984},
{"learn":[0.24238052],"iteration":777,"passed_time":0.5879177337,"remaining_time":0.1677605873},
{"learn":[0.2422091447],"iteration":778,"passed_time":0.588423991,"remaining_time":0.1669341489},
{"learn":[0.2420712728],"iteration":779,"passed_time":0.5888329059,"remaining_time":0.166081076},
{"learn":[0.2418783261],"iteration":780,"passed_time":0.5895855594,"remaining_time":0.1653255282},
{"learn":[0.2416727946],"iteration":781,"passed_time":0.590201112,"remaining_time":0.1645317678},
{"learn":[0.2414266513],"iteration":782,"passed_time":0.5922414658,"remaining_time":0.1641333309},
{"learn":[0.2411757102],"iteration":783,"passed_time":0.5929962947,"remaining_time":0.1633765302},
{"learn":[0.2410954439],"iteration":784,"passed_time":0.5934624682,"remaining_time":0.162540676},
{"learn":[0.2408949192],"iteration":785,"passed_time":0.5941169207,"remaining_time":0.1617570242},
{"learn":[0.2407932575],"iteration":786,"passed_time":0.5946941862,"remaining_time":0.1609528102},
{"learn":[0.2403886612],"iteration":787,"passed_time":0.5952208526,"remaining_time":0.1601355593},
{"learn":[0.2400533639],"iteration":788,"passed_time":0.5957721888,"remaining_time":0.1593256424},
{"learn":[0.2397201685],"iteration":789,"passed_time":0.5963218403,"remaining_time":0.1585159322},
{"learn":[0.2393291767],"iteration":790,"passed_time":0.5968760398,"remaining_time":0.1577080813},
{"learn":[0.2390982628],"iteration":791,"passed_time":0.5975013309,"remaining_time":0.1569195414},
{"learn":[0.2389658378],"iteration":792,"passed_time":0.5979958744,"remaining_time":0.1560972837},
{"learn":[0.2388316521],"iteration":793,"passed_time":0.598526203,"remaining_time":0.1552851358},
{"learn":[0.2386338051],"iteration":794,"passed_time":0.5990616575,"remaining_time":0.1544750186},
{"learn":[0.2384774355],"iteration":795,"passed_time":0.599548831,"remaining_time":0.153653218},
{"learn":[0.2383831171],"iteration":796,"passed_time":0.6000358056,"remaining_time":0.1528322065},
{"learn":[0.2382307419],"iteration":797,"passed_time":0.6007406308,"remaining_time":0.1520671772},
{"learn":[0.2381530542],"iteration":798,"passed_time":0.6012793972,"remaining_time":0.1512605242},
{"learn":[0.2379696222],"iteration":799,"passed_time":0.6017933143,"remaining_time":0.1504483286},
{"learn":[0.2377208123],"iteration":800,"passed_time":0.6022832156,"remaining_time":0.1496309112},
{"learn":[0.2376056561],"iteration":801,"passed_time":0.6027737047,"remaining_time":0.1488144558},
{"learn":[0.2374450977],"iteration":802,"passed_time":0.6032838046,"remaining_time":0.1480036233},
{"learn":[0.2372469609],"iteration":803,"passed_time":0.6037935554,"remaining_time":0.1471934538},
{"learn":[0.2370273517],"iteration":804,"passed_time":0.604332488,"remaining_time":0.1463910996},
{"learn":[0.2365944936],"iteration":805,"passed_time":0.6048957626,"remaining_time":0.145595258},
{"learn":[0.2365638403],"iteration":806,"passed_time":0.6053428883,"remaining_time":0.1447722149},
{"learn":[0.2363406365],"iteration":807,"passed_time":0.6059623007,"remaining_time":0.1439910418},
{"learn":[0.2360670567],"iteration":808,"passed_time":0.6068692764,"remaining_time":0.1432781604},
{"learn":[0.2359407278],"iteration":809,"passed_time":0.6074380304,"remaining_time":0.1424854639},
{"learn":[0.2355704418],"iteration":810,"passed_time":0.6079794596,"remaining_time":0.1416869518},
{"learn":[0.2351181911],"iteration":811,"passed_time":0.6085556235,"remaining_time":0.1408971148},
{"learn":[0.2347022827],"iteration":812,"passed_time":0.6091536309,"remaining_time":0.1401128278},
{"learn":[0.2345145299],"iteration":813,"passed_time":0.6097811071,"remaining_time":0.1393357321},
{"learn":[0.2342867705],"iteration":814,"passed_time":0.6103455173,"remaining_time":0.138544688},
{"learn":[0.234059939],"iteration":815,"passed_time":0.6110515771,"remaining_time":0.1377861399},
{"learn":[0.2338181349],"iteration":816,"passed_time":0.6118936526,"remaining_time":0.1370581866},
{"learn":[0.2335935739],"iteration":817,"passed_time":0.6128006458,"remaining_time":0.136344398},
{"learn":[0.2334817263],"iteration":818,"passed_time":0.6137759104,"remaining_time":0.1356452256},
{"learn":[0.2332806074],"iteration":819,"passed_time":0.6145416159,"remaining_time":0.1348993791},
{"learn":[0.2330514284],"iteration":820,"passed_time":0.6150828961,"remaining_time":0.1341045535},
{"learn":[0.2328363969],"iteration":821,"passed_time":0.6156175884,"remaining_time":0.1333089182},
{"learn":[0.2325311624],"iteration":822,"passed_time":0.6161990562,"remaining_time":0.1325239769},
{"learn":[0.2323953739],"iteration":823,"passed_time":0.6167360299,"remaining_time":0.1317300258},
{"learn":[0.2322917645],"iteration":824,"passed_time":0.6171872366,"remaining_time":0.1309185047},
{"learn":[0.2319880632],"iteration":825,"passed_time":0.6178028701,"remaining_time":0.1301424932},
{"learn":[0.2318862402],"iteration":826,"passed_time":0.6183622451,"remaining_time":0.1293551008},
{"learn":[0.2317090071],"iteration":827,"passed_time":0.6189335136,"remaining_time":0.1285707299},
{"learn":[0.2315330872],"iteration":828,"passed_time":0.6193923077,"remaining_time":0.1277636726},
{"learn":[0.2311590158],"iteration":829,"passed_time":0.6199008561,"remaining_time":0.1269676452},
{"learn":[0.2308361053],"iteration":830,"passed_time":0.6204993588,"remaining_time":0.1261906036},
{"learn":[0.2306451431],"iteration":831,"passed_time":0.6210690705,"remaining_time":0.1254081777},
{"learn":[0.230444457],"iteration":832,"passed_time":0.6216104316,"remaining_time":0.1246205787},
{"learn":[0.2302806011],"iteration":833,"passed_time":0.6221213028,"remaining_time":0.1238275015},
{"learn":[0.2300290585],"iteration":834,"passed_time":0.6226652679,"remaining_time":0.1230416398},
{"learn":[0.2296588714],"iteration":835,"passed_time":0.6234327316,"remaining_time":0.1223002009},
{"learn":[0.2295121266],"iteration":836,"passed_time":0.6240886741,"remaining_time":0.1215369819},
{"learn":[0.229446998],"iteration":837,"passed_time":0.6252778968,"remaining_time":0.1208771113},
{"learn":[0.2292817152],"iteration":838,"passed_time":0.6258818886,"remaining_time":0.1201036759},
{"learn":[0.2291250009],"iteration":839,"passed_time":0.6263956617,"remaining_time":0.1193134594},
{"learn":[0.2289548434],"iteration":840,"passed_time":0.6268877089,"remaining_time":0.1185197928},
{"learn":[0.2288395515],"iteration":841,"passed_time":0.6274062333,"remaining_time":0.117731811},
{"learn":[0.2286551292],"iteration":842,"passed_time":0.6278961939,"remaining_time":0.1169391488},
{"learn":[0.2283844801],"iteration":843,"passed_time":0.6284187209,"remaining_time":0.1161532233},
{"learn":[0.2279647864],"iteration":844,"passed_time":0.628905853,"remaining_time":0.1153614287},
{"learn":[0.2277383621],"iteration":845,"passed_time":0.6293940432,"remaining_time":0.1145705469},
{"learn":[0.2275249188],"iteration":846,"passed_time":0.6298911473,"remaining_time":0.11378199},
{"learn":[0.2274041102],"iteration":847,"passed_time":0.6303218793,"remaining_time":0.1129822237},
{"learn":[0.2271877179],"iteration":848,"passed_time":0.6308517183,"remaining_time":0.1122009534},
{"learn":[0.2270423339],"iteration":849,"passed_time":0.6313854068,"remaining_time":0.1114209541},
{"learn":[0.2266988131],"iteration":850,"passed_time":0.6319068287,"remaining_time":0.110639386},
{"learn":[0.2264196139],"iteration":851,"passed_time":0.6324632243,"remaining_time":0.1098645038},
{"learn":[0.2261703051],"iteration":852,"passed_time":0.6330064023,"remaining_time":0.109087856},
{"learn":[0.2259832456],"iteration":853,"passed_time":0.6337434533,"remaining_time":0.1083448995},
{"learn":[0.2257871921],"iteration":854,"passed_time":0.634251423,"remaining_time":0.1075631068},
{"learn":[0.2256460813],"iteration":855,"passed_time":0.6347533135,"remaining_time":0.1067809312},
{"learn":[0.2254377769],"iteration":856,"passed_time":0.6352750387,"remaining_time":0.1060027194},
{"learn":[0.2252466789],"iteration":857,"passed_time":0.6358447589,"remaining_time":0.1052330487},
{"learn":[0.2250058174],"iteration":858,"passed_time":0.6364033663,"remaining_time":0.1044620194},
{"learn":[0.224814393],"iteration":859,"passed_time":0.636943723,"remaining_time":0.103688513},
{"learn":[0.2248021383],"iteration":860,"passed_time":0.6373479596,"remaining_time":0.102893573},
{"learn":[0.2245574841],"iteration":861,"passed_time":0.6380467781,"remaining_time":0.1021467},
{"learn":[0.2244761284],"iteration":862,"passed_time":0.6385782617,"remaining_time":0.1013733741},
{"learn":[0.2243362427],"iteration":863,"passed_time":0.6390567488,"remaining_time":0.100592266},
{"learn":[0.2241876492],"iteration":864,"passed_time":0.6395737653,"remaining_time":0.09981787089},
{"learn":[0.2240124666],"iteration":865,"passed_time":0.6400742004,"remaining_time":0.09904150445},
{"learn":[0.2238722398],"iteration":866,"passed_time":0.6405554591,"remaining_time":0.09826283283},
{"learn":[0.2237291153],"iteration":867,"passed_time":0.6410725162,"remaining_time":0.09749029048},
{"learn":[0.2236489296],"iteration":868,"passed_time":0.6415835358,"remaining_time":0.09671742599},
{"learn":[0.2232091427],"iteration":869,"passed_time":0.6421253072,"remaining_time":0.09594975855},
{"learn":[0.2231563055],"iteration":870,"passed_time":0.6424515578,"remaining_time":0.09515068996},
{"learn":[0.2230297786],"iteration":871,"passed_time":0.6429138949,"remaining_time":0.09437268182},
{"learn":[0.2227963741],"iteration":872,"passed_time":0.6434080786,"remaining_time":0.09360002976},
{"learn":[0.2226929555],"iteration":873,"passed_time":0.6439723535,"remaining_time":0.09283811962},
{"learn":[0.2225434047],"iteration":874,"passed_time":0.6444947033,"remaining_time":0.09207067191},
{"learn":[0.2223066733],"iteration":875,"passed_time":0.6450178502,"remaining_time":0.09130389661},
{"learn":[0.2220665345],"iteration":876,"passed_time":0.6455538486,"remaining_time":0.09053947934},
{"learn":[0.2219248038],"iteration":877,"passed_time":0.6461938894,"remaining_time":0.0897900393},
{"learn":[0.2218191734],"iteration":878,"passed_time":0.646847208,"remaining_time":0.08904267596},
{"learn":[0.221678367],"iteration":879,"passed_time":0.6474360412,"remaining_time":0.08828673289},
{"learn":[0.2215328217],"iteration":880,"passed_time":0.648066961,"remaining_time":0.08753685398},
{"learn":[0.2213761953],"iteration":881,"passed_time":0.6485887666,"remaining_time":0.08677264677},
{"learn":[0.2211139826],"iteration":882,"passed_time":0.6490927829,"remaining_time":0.08600663149},
{"learn":[0.2209016066],"iteration":883,"passed_time":0.6496051743,"remaining_time":0.08524230794},
{"learn":[0.2206509847],"iteration":884,"passed_time":0.6501000584,"remaining_time":0.08447627877},
{"learn":[0.2204024645],"iteration":885,"passed_time":0.6505948763,"remaining_time":0.08371085316},
{"learn":[0.2202366425],"iteration":886,"passed_time":0.6510940541,"remaining_time":0.08294659314},
{"learn":[0.2200801886],"iteration":887,"passed_time":0.6516335692,"remaining_time":0.08218801774},
{"learn":[0.2196696098],"iteration":888,"passed_time":0.6521191254,"remaining_time":0.08142319789},
{"learn":[0.2195204111],"iteration":889,"passed_time":0.6525693384,"remaining_time":0.08065463733},
{"learn":[0.2192312938],"iteration":890,"passed_time":0.6530907076,"remaining_time":0.07989549622},
{"learn":[0.2190485367],"iteration":891,"passed_time":0.6535934464,"remaining_time":0.07913463252},
{"learn":[0.2187414683],"iteration":892,"passed_time":0.6540871946,"remaining_time":0.07837326968},
{"learn":[0.2186140207],"iteration":893,"passed_time":0.6545967622,"remaining_time":0.0776143812},
{"learn":[0.2183832132],"iteration":894,"passed_time":0.6551272524,"remaining_time":0.07685850447},
{"learn":[0.2180405067],"iteration":895,"passed_time":0.6556573125,"remaining_time":0.07610308092},
{"learn":[0.2178191038],"iteration":896,"passed_time":0.6563186651,"remaining_time":0.0753632358},
{"learn":[0.2175728064],"iteration":897,"passed_time":0.6569177121,"remaining_time":0.07461648845},
{"learn":[0.2173645643],"iteration":898,"passed_time":0.6574464908,"remaining_time":0.07386217527},
{"learn":[0.217093431],"iteration":899,"passed_time":0.6579931061,"remaining_time":0.07311034512},
{"learn":[0.2169615122],"iteration":900,"passed_time":0.6585567374,"remaining_time":0.07236084018},
{"learn":[0.2167770386],"iteration":901,"passed_time":0.6591228461,"remaining_time":0.07161201654},
{"learn":[0.216564747],"iteration":902,"passed_time":0.6599372994,"remaining_time":0.07089027469},
{"learn":[0.2163176206],"iteration":903,"passed_time":0.6605176666,"remaining_time":0.07014346902},
{"learn":[0.2160013566],"iteration":904,"passed_time":0.6612917383,"remaining_time":0.0694173648},
{"learn":[0.2158363232],"iteration":905,"passed_time":0.6621061038,"remaining_time":0.06869533527},
{"learn":[0.2155547802],"iteration":906,"passed_time":0.6626828984,"remaining_time":0.06794874262},
{"learn":[0.2153561409],"iteration":907,"passed_time":0.6631700418,"remaining_time":0.06719344036},
{"learn":[0.2152141424],"iteration":908,"passed_time":0.6637333698,"remaining_time":0.06644635495},
{"learn":[0.2150689895],"iteration":909,"passed_time":0.6642070264,"remaining_time":0.06569080481},
{"learn":[0.2148899188],"iteration":910,"passed_time":0.6646637308,"remaining_time":0.06493421739},
{"learn":[0.2147247571],"iteration":911,"passed_time":0.6651963734,"remaining_time":0.06418561498},
{"learn":[0.2144657502],"iteration":912,"passed_time":0.6656823568,"remaining_time":0.06343303948},
{"learn":[0.2142866611],"iteration":913,"passed_time":0.6661760446,"remaining_time":0.06268177225},
{"learn":[0.2138919207],"iteration":914,"passed_time":0.6666751057,"remaining_time":0.06193156719},
{"learn":[0.2136919498],"iteration":915,"passed_time":0.6672462148,"remaining_time":0.06118851752},
{"learn":[0.2136428283],"iteration":916,"passed_time":0.6676471437,"remaining_time":0.0604304394},
{"learn":[0.2135219281],"iteration":917,"passed_time":0.6681889819,"remaining_time":0.05968572605},
{"learn":[0.2134463897],"iteration":918,"passed_time":0.6686981248,"remaining_time":0.05893857248},
{"learn":[0.2133154722],"iteration":919,"passed_time":0.6693567917,"remaining_time":0.05820493841},
{"learn":[0.2131053264],"iteration":920,"passed_time":0.6699801176,"remaining_time":0.05746843571},
{"learn":[0.2130004186],"iteration":921,"passed_time":0.6707546065,"remaining_time":0.05674496671},
{"learn":[0.2126349009],"iteration":922,"passed_time":0.6715254414,"remaining_time":0.05602108233},
{"learn":[0.2124214723],"iteration":923,"passed_time":0.6720052754,"remaining_time":0.05527316118},
{"learn":[0.2122155446],"iteration":924,"passed_time":0.6726934095,"remaining_time":0.05454270888},
{"learn":[0.2119808931],"iteration":925,"passed_time":0.6732386287,"remaining_time":0.05380092713},
{"learn":[0.2118336568],"iteration":926,"passed_time":0.6738712,"remaining_time":0.05306644833},
{"learn":[0.2116651792],"iteration":927,"passed_time":0.6744146431,"remaining_time":0.05232527403},
{"learn":[0.2114245928],"iteration":928,"passed_time":0.6749177309,"remaining_time":0.05158144122},
{"learn":[0.2111276553],"iteration":929,"passed_time":0.6754755582,"remaining_time":0.05084224631},
{"learn":[0.2109563351],"iteration":930,"passed_time":0.6760082789,"remaining_time":0.05010158028},
{"learn":[0.2106964331],"iteration":931,"passed_time":0.6765185159,"remaining_time":0.04935972004},
{"learn":[0.2105432767],"iteration":932,"passed_time":0.6769835573,"remaining_time":0.04861511076},
{"learn":[0.2101957871],"iteration":933,"passed_time":0.6775259407,"remaining_time":0.0478765654},
{"learn":[0.2101252593],"iteration":934,"passed_time":0.6780276897,"remaining_time":0.04713561479},
{"learn":[0.2099473073],"iteration":935,"passed_time":0.6785157513,"remaining_time":0.0463942394},
{"learn":[0.2097492621],"iteration":936,"passed_time":0.6791538927,"remaining_time":0.04566349545},
{"learn":[0.2095339775],"iteration":937,"passed_time":0.6796711442,"remaining_time":0.04492495836},
{"learn":[0.2093696301],"iteration":938,"passed_time":0.6801739165,"remaining_time":0.04418595198},
{"learn":[0.209155013],"iteration":939,"passed_time":0.6806827736,"remaining_time":0.04344783661},
{"learn":[0.2090248731],"iteration":940,"passed_time":0.6810883497,"remaining_time":0.04270373287},
{"learn":[0.2087916778],"iteration":941,"passed_time":0.6815861404,"remaining_time":0.04196602563},
{"learn":[0.2086772112],"iteration":942,"passed_time":0.6821037633,"remaining_time":0.04123002599},
{"learn":[0.2085704253],"iteration":943,"passed_time":0.6825969306,"remaining_time":0.04049303826},
{"learn":[0.2084188425],"iteration":944,"passed_time":0.6830984375,"remaining_time":0.03975705192},
{"learn":[0.2083357848],"iteration":945,"passed_time":0.6835616972,"remaining_time":0.03901937806},
{"learn":[0.2082206653],"iteration":946,"passed_time":0.6841382823,"remaining_time":0.03828862615},
{"learn":[0.2080446977],"iteration":947,"passed_time":0.6847888744,"remaining_time":0.03756225893},
{"learn":[0.2077801044],"iteration":948,"passed_time":0.6855397271,"remaining_time":0.0368414395},
{"learn":[0.2075654433],"iteration":949,"passed_time":0.6860607745,"remaining_time":0.03610846181},
{"learn":[0.2074127234],"iteration":950,"passed_time":0.6865724315,"remaining_time":0.035375446},
{"learn":[0.2072553671],"iteration":951,"passed_time":0.687040051,"remaining_time":0.03464067484},
{"learn":[0.2071077237],"iteration":952,"passed_time":0.6875252486,"remaining_time":0.03390733125},
{"learn":[0.2069758158],"iteration":953,"passed_time":0.6880090002,"remaining_time":0.03317443816},
{"learn":[0.206929581],"iteration":954,"passed_time":0.6883546075,"remaining_time":0.03243555742},
{"learn":[0.2067966608],"iteration":955,"passed_time":0.6888560039,"remaining_time":0.03170466964},
{"learn":[0.2067119378],"iteration":956,"passed_time":0.6892948024,"remaining_time":0.0309714488},
{"learn":[0.2066266353],"iteration":957,"passed_time":0.689756295,"remaining_time":0.03023983757},
{"learn":[0.2064582641],"iteration":958,"passed_time":0.6902359421,"remaining_time":0.02950956582},
{"learn":[0.2063589279],"iteration":959,"passed_time":0.6907826458,"remaining_time":0.02878261024},
{"learn":[0.2061836866],"iteration":960,"passed_time":0.6915285031,"remaining_time":0.02806411199},
{"learn":[0.2060443181],"iteration":961,"passed_time":0.6921652515,"remaining_time":0.02734124694},
{"learn":[0.2059018208],"iteration":962,"passed_time":0.6927452432,"remaining_time":0.02661638006},
{"learn":[0.2056274084],"iteration":963,"passed_time":0.6934097367,"remaining_time":0.02589496942},
{"learn":[0.2054655992],"iteration":964,"passed_time":0.6939808528,"remaining_time":0.02517029},
{"learn":[0.20538658],"iteration":965,"passed_time":0.6944427633,"remaining_time":0.02444208484},
{"learn":[0.2051998065],"iteration":966,"passed_time":0.6950732913,"remaining_time":0.02372018471},
{"learn":[0.2050964319],"iteration":967,"passed_time":0.695557429,"remaining_time":0.02299363402},
{"learn":[0.2047383052],"iteration":968,"passed_time":0.6960654997,"remaining_time":0.02226834932},
{"learn":[0.204629733],"iteration":969,"passed_time":0.69658474,"remaining_time":0.02154385794},
{"learn":[0.2044631334],"iteration":970,"passed_time":0.6971005354,"remaining_time":0.02081968643},
{"learn":[0.2042639292],"iteration":971,"passed_time":0.6976556634,"remaining_time":0.02009707672},
{"learn":[0.2039933315],"iteration":972,"passed_time":0.6982270982,"remaining_time":0.01937526377},
{"learn":[0.2038464179],"iteration":973,"passed_time":0.6988020829,"remaining_time":0.01865385437},
{"learn":[0.2037019766],"iteration":974,"passed_time":0.6993622311,"remaining_time":0.0179323649},
{"learn":[0.2034638625],"iteration":975,"passed_time":0.6999205887,"remaining_time":0.01721116202},
{"learn":[0.2033920655],"iteration":976,"passed_time":0.7003482044,"remaining_time":0.01648721464},
{"learn":[0.2033120999],"iteration":977,"passed_time":0.7009321607,"remaining_time":0.01576739012},
{"learn":[0.2031490619],"iteration":978,"passed_time":0.7017808809,"remaining_time":0.01505352247},
{"learn":[0.2030215777],"iteration":979,"passed_time":0.7023719581,"remaining_time":0.01433412159},
{"learn":[0.2027975339],"iteration":980,"passed_time":0.7029666672,"remaining_time":0.01361505268},
{"learn":[0.2025783539],"iteration":981,"passed_time":0.7035001194,"remaining_time":0.01289511421},
{"learn":[0.2023412374],"iteration":982,"passed_time":0.7040382775,"remaining_time":0.01217563654},
{"learn":[0.2020821388],"iteration":983,"passed_time":0.7044672869,"remaining_time":0.01145475263},
{"learn":[0.2019777481],"iteration":984,"passed_time":0.7050392179,"remaining_time":0.01073663784},
{"learn":[0.2018622618],"iteration":985,"passed_time":0.7055561231,"remaining_time":0.01001803826},
{"learn":[0.2017365272],"iteration":986,"passed_time":0.7061228542,"remaining_time":0.009300503652},
{"learn":[0.2015941767],"iteration":987,"passed_time":0.7067014356,"remaining_time":0.008583418246},
{"learn":[0.2012349642],"iteration":988,"passed_time":0.7072594752,"remaining_time":0.007866384456},
{"learn":[0.2010093249],"iteration":989,"passed_time":0.7078908119,"remaining_time":0.007150412242},
{"learn":[0.2009356976],"iteration":990,"passed_time":0.7085285101,"remaining_time":0.006434668609},
{"learn":[0.2006932662],"iteration":991,"passed_time":0.7092364336,"remaining_time":0.005719648658},
{"learn":[0.2005270554],"iteration":992,"passed_time":0.7100165446,"remaining_time":0.005005151875},
{"learn":[0.2003728133],"iteration":993,"passed_time":0.7105389474,"remaining_time":0.00428896749},
{"learn":[0.2003555114],"iteration":994,"passed_time":0.7108362941,"remaining_time":0.003572041679},
{"learn":[0.2002484542],"iteration":995,"passed_time":0.7113290866,"remaining_time":0.00285674332},
{"learn":[0.2001044934],"iteration":996,"passed_time":0.7118387881,"remaining_time":0.002141942191},
{"learn":[0.1999792979],"iteration":997,"passed_time":0.7123424095,"remaining_time":0.001427539899},
{"learn":[0.1996939256],"iteration":998,"passed_time":0.7128302496,"remaining_time":0.0007135437934},
{"learn":[0.1993922857],"iteration":999,"passed_time":0.7134004886,"remaining_time":0}
]}